name,discipline,category,template_dir,card_path,description,standards,tags,tool_mode,param_count,output_count,archetype_count,visibility_mix,hidden_params,multimodal_families,operation_handles
bund-volume-calculation,civil,oil-containment,src/aec_bench/templates/builtin/civil/bund_volume_calculation,docs/task-world-opportunities/task-cards/civil/bund-volume-calculation.md,Oil containment bund volume calculation per AS/NZS 1940,AS/NZS 1940,civil; oil-containment; bund; spill; hazardous-materials; deterministic,with-tool,8,4,4,all_given; partial,equipment_footprint_area_m2; num_equipment_items,drawing-geometry; spatial-map; tabular-source,parameters; outputs; difficulty; archetype; evidence_profile; hidden_parameter_policy; source_geometry; source_table
cant-calculation,civil,track-geometry,src/aec_bench/templates/builtin/civil/cant_calculation,docs/task-world-opportunities/task-cards/civil/cant-calculation.md,Rail cant (superelevation) and cant deficiency for curved track using E_eq = 11.82 * V^2 / R,ARTC ETS-05-00; AREMA MRE Chapter 5; FRA 49 CFR Part 213,civil; rail; track-geometry; cant; superelevation; curves; deterministic,with-tool,5,3,4,all_given; partial,actual_cant_mm; max_cant_deficiency_mm,drawing-geometry; spatial-map; tabular-source,parameters; outputs; difficulty; archetype; evidence_profile; hidden_parameter_policy; source_geometry; source_table
cerc-longshore-transport,civil,sediment-transport,src/aec_bench/templates/builtin/civil/cerc_longshore_transport,docs/task-world-opportunities/task-cards/civil/cerc-longshore-transport.md,Longshore sediment transport rate using the CERC formula Q_l = K * (E*Cg)_b * sin(2*alpha_b) / (2 * (rho_s - rho_w) * g * (1 - p)),USACE CEM; Shore Protection Manual (SPM),coastal; sediment; longshore; transport; wave; littoral,with-tool,6,3,4,all_given; partial,k_coefficient; porosity; sediment_density_kg_m3; water_density_kg_m3,spatial-map; chart-curve; tabular-source,parameters; outputs; difficulty; archetype; evidence_profile; hidden_parameter_policy; source_geometry; source_table; source_curve
culvert-capacity,civil,culvert-design,src/aec_bench/templates/builtin/civil/culvert_capacity,docs/task-world-opportunities/task-cards/civil/culvert-capacity.md,Culvert headwater analysis under inlet and outlet control using HDS-5 methodology,HDS-5; ARR,civil; hydraulics; culvert; drainage; inlet-control; outlet-control,both,7,4,5,all_given; partial,invert_elevation_m,spatial-map; tabular-source; time-series,parameters; outputs; difficulty; archetype; evidence_profile; hidden_parameter_policy; source_geometry; source_table; source_timeseries
curve-elements,civil,horizontal-geometry,src/aec_bench/templates/builtin/civil/curve_elements,docs/task-world-opportunities/task-cards/civil/curve-elements.md,"Horizontal curve element calculation: tangent, arc, external distance, mid-ordinate, and PC/PT chainages",AGRD Part 3,civil; roads; horizontal-geometry; curves; chainage; deterministic,with-tool,3,6,4,all_given; partial,ip_chainage_m,drawing-geometry; spatial-map; tabular-source,parameters; outputs; difficulty; archetype; evidence_profile; hidden_parameter_policy; source_geometry; source_table
darcy-weisbach-headloss,civil,pipe-hydraulics,src/aec_bench/templates/builtin/civil/darcy_weisbach_headloss,docs/task-world-opportunities/task-cards/civil/darcy-weisbach-headloss.md,Friction head loss calculation using Darcy-Weisbach equation with Swamee-Jain friction factor,AWWA; Darcy-Weisbach; Swamee-Jain (1976),civil; pipe-hydraulics; head-loss; friction-factor; deterministic,with-tool,5,4,4,all_given; partial,roughness_height_mm,drawing-geometry; tabular-source; chart-curve,parameters; outputs; difficulty; archetype; evidence_profile; hidden_parameter_policy; source_geometry; source_table; source_curve
design-wind-pressure,civil,wind-load-derivation,src/aec_bench/templates/builtin/civil/design_wind_pressure,docs/task-world-opportunities/task-cards/civil/design-wind-pressure.md,Calculate design wind pressure from wind speed and aerodynamic factors per AS/NZS 1170.2,AS/NZS 1170.2,civil; wind; pressure; aerodynamic; wind-load; structural-actions; deterministic,with-tool,5,3,6,all_given; partial,air_density_kg_per_m3; cdyn,drawing-geometry; tabular-source; document-evidence,parameters; outputs; difficulty; archetype; evidence_profile; hidden_parameter_policy; source_geometry; source_table
design-wind-speed,civil,wind-load-derivation,src/aec_bench/templates/builtin/civil/design_wind_speed,docs/task-world-opportunities/task-cards/civil/design-wind-speed.md,"Site wind speed V_sit,beta from regional speed and multipliers per AS/NZS 1170.2",AS/NZS 1170.2,civil; wind; loading; structural; deterministic,with-tool,6,2,4,all_given; partial,shielding_multiplier; terrain_category,drawing-geometry; tabular-source; document-evidence,parameters; outputs; difficulty; archetype; evidence_profile; hidden_parameter_policy; source_geometry; source_table
detention-volume-preliminary,civil,detention-design,src/aec_bench/templates/builtin/civil/detention_volume_preliminary,docs/task-world-opportunities/task-cards/civil/detention-volume-preliminary.md,Preliminary detention volume estimate using simplified triangular hydrograph method,TR-55; Local requirements,civil; detention; stormwater; hydrology; storage; drainage; deterministic,with-tool,4,2,4,all_given; partial,allowable_release_rate_m3_s,spatial-map; tabular-source; time-series,parameters; outputs; difficulty; archetype; evidence_profile; hidden_parameter_policy; source_geometry; source_table; source_timeseries
downpipe-sizing,civil,stormwater-roof,src/aec_bench/templates/builtin/civil/downpipe_sizing,docs/task-world-opportunities/task-cards/civil/downpipe-sizing.md,Size roof downpipes per AS/NZS 3500.3 using catchment area and rainfall intensity,AS/NZS 3500.3:2025,civil; drainage; stormwater; plumbing; roof-drainage,with-tool,3,4,4,all_given; partial,rainfall_intensity_mm_hr,spatial-map; tabular-source; time-series,parameters; outputs; difficulty; archetype; evidence_profile; hidden_parameter_policy; source_geometry; source_table; source_timeseries
driveway-gradient-check,civil,driveway-access,src/aec_bench/templates/builtin/civil/driveway_gradient_check,docs/task-world-opportunities/task-cards/civil/driveway-gradient-check.md,Driveway gradient calculation and compliance check per AS/NZS 2890.1:2004,AS/NZS 2890.1:2004; Local Council DCPs,civil; driveway; gradient; compliance; access; deterministic,with-tool,4,3,4,all_given; partial,location_type,drawing-geometry; spatial-map; tabular-source,parameters; outputs; difficulty; archetype; evidence_profile; hidden_parameter_policy; source_geometry; source_table
exit-gradient,civil,seepage-analysis,src/aec_bench/templates/builtin/civil/exit_gradient,docs/task-world-opportunities/task-cards/civil/exit-gradient.md,Calculate exit gradient at downstream toe and factor of safety against piping,USACE EM 1110-2-1901; FEMA P-1032,civil; dams; seepage; piping; gradient; hydraulics,with-tool,5,5,4,all_given; partial,foundation_soil_type; specific_gravity; void_ratio,drawing-geometry; tabular-source; chart-curve,parameters; outputs; difficulty; archetype; evidence_profile; hidden_parameter_policy; source_geometry; source_table; source_curve
flap-gate-headloss,civil,outfall-hydraulics,src/aec_bench/templates/builtin/civil/flap_gate_headloss,docs/task-world-opportunities/task-cards/civil/flap-gate-headloss.md,Flap gate headloss calculation for stormwater outfalls,Manufacturer data; Hydraulic references,civil; outfall-hydraulics; flap-gate; headloss; drainage; deterministic,both,4,4,4,all_given; partial,gate_type,spatial-map; tabular-source; time-series,parameters; outputs; difficulty; archetype; evidence_profile; hidden_parameter_policy; source_geometry; source_table; source_timeseries
fos-rapid-drawdown,civil,slope-stability,src/aec_bench/templates/builtin/civil/fos_rapid_drawdown,docs/task-world-opportunities/task-cards/civil/fos-rapid-drawdown.md,Calculate factor of safety for upstream slope during rapid reservoir drawdown,USACE EM 1110-2-1902,civil; dams; slope-stability; drawdown; geotechnical; embankment,with-tool,7,4,4,all_given; partial,cohesion_kpa; friction_angle_deg; saturated_unit_weight_kn_m3,drawing-geometry; tabular-source; document-evidence,parameters; outputs; difficulty; archetype; evidence_profile; hidden_parameter_policy; source_geometry; source_table
fos-seismic,civil,slope-stability,src/aec_bench/templates/builtin/civil/fos_seismic,docs/task-world-opportunities/task-cards/civil/fos-seismic.md,Factor of safety under pseudo-static seismic loading using the infinite slope method,USACE EM 1110-2-1902; ICOLD Bulletin 148,civil; dams; slope-stability; seismic; pseudo-static; geotechnical,with-tool,8,3,6,all_given; partial,cohesion_kpa; friction_angle_deg; unit_weight_kn_m3,drawing-geometry; tabular-source; document-evidence,parameters; outputs; difficulty; archetype; evidence_profile; hidden_parameter_policy; source_geometry; source_table
fos-steady-state,civil,slope-stability,src/aec_bench/templates/builtin/civil/fos_steady_state,docs/task-world-opportunities/task-cards/civil/fos-steady-state.md,Factor of safety for embankment slope under steady-state seepage,USACE EM 1110-2-1902; ANCOLD Guidelines on Design Criteria,civil; dams; slope-stability; seepage; embankment; deterministic,with-tool,6,3,6,all_given; partial,cohesion_kpa; friction_angle_deg; saturated_unit_weight_kn_m3,drawing-geometry; tabular-source; document-evidence,parameters; outputs; difficulty; archetype; evidence_profile; hidden_parameter_policy; source_geometry; source_table
freeboard-calculation,civil,coastal-drainage,src/aec_bench/templates/builtin/civil/freeboard_calculation,docs/task-world-opportunities/task-cards/civil/freeboard-calculation.md,Freeboard calculation for coastal/flood structures: total freeboard = wave_allowance + slr_allowance + construction_tolerance + safety_margin (NZS 4404 / MfE Guidance),NZS 4404:2010; MfE Guidance 2024,coastal; flood; freeboard; sea-level-rise; drainage,both,5,2,4,all_given; partial,construction_tolerance_m; safety_margin_m; slr_allowance_m; wave_allowance_m,spatial-map; tabular-source; time-series,parameters; outputs; difficulty; archetype; evidence_profile; hidden_parameter_policy; source_geometry; source_table; source_timeseries
gutter-sizing,civil,stormwater-roof,src/aec_bench/templates/builtin/civil/gutter_sizing,docs/task-world-opportunities/task-cards/civil/gutter-sizing.md,"Size eaves gutters per AS/NZS 3500.3 using catchment area, rainfall intensity, and gutter grade",AS/NZS 3500.3:2025,civil; drainage; stormwater; plumbing; roof-drainage; gutter,with-tool,4,4,4,all_given; partial,rainfall_intensity_mm_hr,spatial-map; tabular-source; time-series,parameters; outputs; difficulty; archetype; evidence_profile; hidden_parameter_policy; source_geometry; source_table; source_timeseries
hazen-williams-headloss,civil,pipe-hydraulics,src/aec_bench/templates/builtin/civil/hazen_williams_headloss,docs/task-world-opportunities/task-cards/civil/hazen-williams-headloss.md,Friction head loss calculation using the Hazen-Williams empirical equation,AWWA; AS/NZS 3500,civil; pipe-hydraulics; head-loss; hazen-williams; deterministic,with-tool,4,3,4,all_given; partial,c_factor,drawing-geometry; tabular-source; chart-curve,parameters; outputs; difficulty; archetype; evidence_profile; hidden_parameter_policy; source_geometry; source_table; source_curve
hgl-check,civil,stormwater-piped,src/aec_bench/templates/builtin/civil/hgl_check,docs/task-world-opportunities/task-cards/civil/hgl-check.md,Hydraulic grade line check for a single stormwater pipe reach,ARR 2019; QUDM; Local Council DCPs,civil; stormwater; hydraulic-grade-line; surcharge; deterministic,with-tool,8,7,4,all_given; partial,mannings_n; pit_loss_coefficient,spatial-map; tabular-source; time-series,parameters; outputs; difficulty; archetype; evidence_profile; hidden_parameter_policy; source_geometry; source_table; source_timeseries
hudson-armor-sizing,civil,armor-stability,src/aec_bench/templates/builtin/civil/hudson_armor_sizing,docs/task-world-opportunities/task-cards/civil/hudson-armor-sizing.md,Armor stone sizing using Hudson's equation W = rho_r * H^3 / (KD * (Sr-1)^3 * cot(alpha)),USACE CEM; CIRIA C683 Rock Manual,coastal; breakwater; armor; riprap; wave,with-tool,5,3,5,all_given; partial,rock_density_kg_m3; stability_coefficient_kd; water_density_kg_m3,spatial-map; chart-curve; tabular-source,parameters; outputs; difficulty; archetype; evidence_profile; hidden_parameter_policy; source_geometry; source_table; source_curve
intersection-sight-distance,civil,sight-distance,src/aec_bench/templates/builtin/civil/intersection_sight_distance,docs/task-world-opportunities/task-cards/civil/intersection-sight-distance.md,Intersection sight distance for give-way and stop-controlled intersections per AGRD Part 4A,AGRD Part 4A §3,civil; roads; sight-distance; intersection; gap-acceptance; deterministic,with-tool,6,4,4,all_given; partial,setback_distance_m; vehicle_type,drawing-geometry; spatial-map; tabular-source,parameters; outputs; difficulty; archetype; evidence_profile; hidden_parameter_policy; source_geometry; source_table
lateral-earth-pressure,civil,slope-stability,src/aec_bench/templates/builtin/civil/lateral_earth_pressure,docs/task-world-opportunities/task-cards/civil/lateral-earth-pressure.md,Rankine lateral earth pressure with water table effects for retaining wall design,AS 4678; Rankine (1857),civil; geotechnical; earth-pressure; retaining-wall; water-table; rankine,with-tool,7,6,5,all_given; partial,friction_angle_deg; unit_weight_kn_m3,drawing-geometry; tabular-source; document-evidence,parameters; outputs; difficulty; archetype; evidence_profile; hidden_parameter_policy; source_geometry; source_table
linear-wave-theory,civil,wave-climate,src/aec_bench/templates/builtin/civil/linear_wave_theory,docs/task-world-opportunities/task-cards/civil/linear-wave-theory.md,"Linear (Airy) wave theory: wavelength, celerity, and group velocity via dispersion relation (USACE CEM)",USACE Coastal Engineering Manual (CEM),coastal; wave; dispersion; wavelength; celerity; group-velocity,both,3,5,5,all_given; partial,wave_period_s,spatial-map; chart-curve; tabular-source,parameters; outputs; difficulty; archetype; evidence_profile; hidden_parameter_policy; source_geometry; source_table; source_curve
mannings-pipe-capacity,civil,hydraulic-calculations,src/aec_bench/templates/builtin/civil/mannings_pipe_capacity,docs/task-world-opportunities/task-cards/civil/mannings-pipe-capacity.md,Flow capacity and velocity in circular pipes using Manning's equation,HEC-22; QUDM; PUB Code of Practice,civil; hydraulics; drainage; pipe-flow; deterministic,with-tool,4,4,4,all_given; partial,mannings_n,spatial-map; tabular-source; time-series,parameters; outputs; difficulty; archetype; evidence_profile; hidden_parameter_policy; source_geometry; source_table; source_timeseries
min-curve-radius,civil,horizontal-geometry,src/aec_bench/templates/builtin/civil/min_curve_radius,docs/task-world-opportunities/task-cards/civil/min-curve-radius.md,Minimum horizontal curve radius using R = V^2 / (127 * (e_max + f)) per AGRD Part 3 §7,AGRD Part 3 §7,civil; roads; horizontal-geometry; curves; radius; deterministic,with-tool,3,2,4,all_given; partial,side_friction_factor,drawing-geometry; spatial-map; tabular-source,parameters; outputs; difficulty; archetype; evidence_profile; hidden_parameter_policy; source_geometry; source_table
npsh-calculation,civil,pump-station,src/aec_bench/templates/builtin/civil/npsh_calculation,docs/task-world-opportunities/task-cards/civil/npsh-calculation.md,Net Positive Suction Head Available calculation for pump station suction systems,Hydraulics Institute; ANSI/HI 9.6.1,civil; pump-station; npsh; cavitation; suction-head; deterministic,with-tool,6,4,4,all_given; partial,specific_gravity; vapour_pressure_kpa,chart-curve; drawing-geometry; tabular-source,parameters; outputs; difficulty; archetype; evidence_profile; hidden_parameter_policy; source_geometry; source_table; source_curve
open-channel-capacity,civil,hydraulic-calculations,src/aec_bench/templates/builtin/civil/open_channel_capacity,docs/task-world-opportunities/task-cards/civil/open-channel-capacity.md,Flow capacity and velocity in trapezoidal/rectangular open channels using Manning's equation,HEC-22; ARR,civil; hydraulics; drainage; open-channel; mannings; deterministic,with-tool,5,6,5,all_given; partial,mannings_n,spatial-map; tabular-source; time-series,parameters; outputs; difficulty; archetype; evidence_profile; hidden_parameter_policy; source_geometry; source_table; source_timeseries
orifice-outlet-design,civil,detention-design,src/aec_bench/templates/builtin/civil/orifice_outlet_design,docs/task-world-opportunities/task-cards/civil/orifice-outlet-design.md,Size orifice outlet to achieve target release rate from detention basin,Hydraulics textbooks,civil; hydraulics; stormwater; detention; orifice,with-tool,3,3,4,all_given; partial,discharge_coefficient; head_above_centreline_m,spatial-map; tabular-source; time-series,parameters; outputs; difficulty; archetype; evidence_profile; hidden_parameter_policy; source_geometry; source_table; source_timeseries
outfall-submergence-check,civil,outfall-hydraulics,src/aec_bench/templates/builtin/civil/outfall_submergence_check,docs/task-world-opportunities/task-cards/civil/outfall-submergence-check.md,Outfall submergence analysis: fraction of tidal cycle an outfall invert is submerged under present and future sea levels,MfE Coastal Hazards Guidance 2024; IPCC AR6 Sea Level Projections,coastal; outfall; submergence; tidal; sea-level-rise; drainage,both,5,5,4,all_given; partial,tidal_period_hours,spatial-map; tabular-source; time-series,parameters; outputs; difficulty; archetype; evidence_profile; hidden_parameter_policy; source_geometry; source_table; source_timeseries
pipe-invert-calculation,civil,stormwater-piped,src/aec_bench/templates/builtin/civil/pipe_invert_calculation,docs/task-world-opportunities/task-cards/civil/pipe-invert-calculation.md,Downstream pipe invert level calculation for stormwater drainage,AS/NZS 3500.3; QUDM Section 7,civil; stormwater; invert-level; drainage; cover-depth; deterministic,with-tool,6,5,4,all_given; partial,minimum_cover_mm,spatial-map; tabular-source; time-series,parameters; outputs; difficulty; archetype; evidence_profile; hidden_parameter_policy; source_geometry; source_table; source_timeseries
pipe-velocity-check,civil,pipe-hydraulics,src/aec_bench/templates/builtin/civil/pipe_velocity_check,docs/task-world-opportunities/task-cards/civil/pipe-velocity-check.md,Pipe flow velocity compliance check against AS/NZS 3500.1 service-type limits,AS/NZS 3500.1 Clause 3.4,civil; pipe-hydraulics; velocity; compliance; deterministic,with-tool,3,2,4,all_given; partial,service_type,drawing-geometry; tabular-source; chart-curve,parameters; outputs; difficulty; archetype; evidence_profile; hidden_parameter_policy; source_geometry; source_table; source_curve
pollutant-load-estimate,civil,water-quality,src/aec_bench/templates/builtin/civil/pollutant_load_estimate,docs/task-world-opportunities/task-cards/civil/pollutant-load-estimate.md,Estimate annual pollutant loads from a catchment using the EMC method,MUSIC guidelines; Australian Runoff Quality (ARQ),civil; water-quality; stormwater; pollutant; EMC; TSS; phosphorus; nitrogen,both,6,4,4,all_given; partial,emc_tn_mg_l; emc_tp_mg_l; emc_tss_mg_l,spatial-map; tabular-source; time-series,parameters; outputs; difficulty; archetype; evidence_profile; hidden_parameter_policy; source_geometry; source_table; source_timeseries
pump-power-calc,civil,pump-station,src/aec_bench/templates/builtin/civil/pump_power_calc,docs/task-world-opportunities/task-cards/civil/pump-power-calc.md,Pump power calculation for water/wastewater pump stations at a given duty point,AWWA; Hydraulics Institute,civil; pump-station; hydraulic-power; brake-power; motor-power; deterministic,with-tool,4,3,4,all_given; partial,motor_efficiency_pct; pump_efficiency_pct,drawing-geometry; tabular-source; chart-curve,parameters; outputs; difficulty; archetype; evidence_profile; hidden_parameter_policy; source_geometry; source_table; source_curve
rational-method,civil,hydrologic-calculations,src/aec_bench/templates/builtin/civil/rational_method,docs/task-world-opportunities/task-cards/civil/rational-method.md,Peak runoff using the rational method Q = CIA / 360,ARR; HEC-22,hydrology; drainage; runoff; stormwater,with-tool,3,2,5,all_given; partial,runoff_coefficient,spatial-map; tabular-source; time-series,parameters; outputs; difficulty; archetype; evidence_profile; hidden_parameter_policy; source_geometry; source_table; source_timeseries
retaining-wall-stability,civil,slope-stability,src/aec_bench/templates/builtin/civil/retaining_wall_stability,docs/task-world-opportunities/task-cards/civil/retaining-wall-stability.md,"Sliding, overturning, and bearing stability checks for gravity retaining walls",AS 4678; Eurocode 7,civil; geotechnical; retaining-wall; gravity-wall; sliding; overturning; bearing-capacity; stability,with-tool,11,6,5,all_given; partial,backfill_friction_angle_deg; backfill_unit_weight_kn_m3; foundation_cohesion_kpa; foundation_friction_angle_deg,drawing-geometry; tabular-source; document-evidence,parameters; outputs; difficulty; archetype; evidence_profile; hidden_parameter_policy; source_geometry; source_table
roadway-spread,civil,hydraulic-calculations,src/aec_bench/templates/builtin/civil/roadway_spread,docs/task-world-opportunities/task-cards/civil/roadway-spread.md,Roadway gutter spread width and curb depth from HEC-22 Manning's equation for triangular cross-sections,HEC-22,civil; hydraulics; drainage; roadway; gutter; spread; inlet-spacing,both,4,2,4,all_given; partial,mannings_n,spatial-map; tabular-source; time-series,parameters; outputs; difficulty; archetype; evidence_profile; hidden_parameter_policy; source_geometry; source_table; source_timeseries
scs-curve-number,civil,hydrologic-calculations,src/aec_bench/templates/builtin/civil/scs_curve_number,docs/task-world-opportunities/task-cards/civil/scs-curve-number.md,Runoff depth using the SCS/NRCS curve number method Q = (P - Ia)^2 / (P - Ia + S),NRCS TR-55,hydrology; drainage; runoff; stormwater; curve-number; SCS,with-tool,2,3,5,all_given; partial,curve_number,spatial-map; tabular-source; time-series,parameters; outputs; difficulty; archetype; evidence_profile; hidden_parameter_policy; source_geometry; source_table; source_timeseries
sediment-basin-sizing,civil,erosion-sediment,src/aec_bench/templates/builtin/civil/sediment_basin_sizing,docs/task-world-opportunities/task-cards/civil/sediment-basin-sizing.md,Size construction sediment basin per Blue Book (Soils and Construction),Managing Urban Stormwater: Soils and Construction (Blue Book),civil; erosion; sediment; stormwater; basin; construction,with-tool,6,3,5,all_given; partial,soil_loss_rate_m3_ha_yr; volumetric_runoff_coeff_m3_ha,spatial-map; tabular-source; time-series,parameters; outputs; difficulty; archetype; evidence_profile; hidden_parameter_policy; source_geometry; source_table; source_timeseries
sewer-pipe-sizing,civil,gravity-sewer,src/aec_bench/templates/builtin/civil/sewer_pipe_sizing,docs/task-world-opportunities/task-cards/civil/sewer-pipe-sizing.md,Gravity sewer pipe sizing using Manning's equation to select standard diameter for design flow,WSAA WSA 02; PUB Code of Practice; AS 4130,civil; sewer; gravity-flow; pipe-sizing; mannings; deterministic,with-tool,5,4,4,all_given; partial,mannings_n,drawing-geometry; tabular-source; chart-curve,parameters; outputs; difficulty; archetype; evidence_profile; hidden_parameter_policy; source_geometry; source_table; source_curve
sewer-slope-check,civil,gravity-sewer,src/aec_bench/templates/builtin/civil/sewer_slope_check,docs/task-world-opportunities/task-cards/civil/sewer-slope-check.md,Gravity sewer slope adequacy check for self-cleansing velocity using Manning's equation,WSAA WSA 02; BS EN 752,civil; sewer; gravity-flow; self-cleansing; compliance; deterministic,with-tool,3,3,4,all_given; partial,mannings_n,drawing-geometry; tabular-source; chart-curve,parameters; outputs; difficulty; archetype; evidence_profile; hidden_parameter_policy; source_geometry; source_table; source_curve
sls-load-combinations,civil,load-combinations,src/aec_bench/templates/builtin/civil/sls_load_combinations,docs/task-world-opportunities/task-cards/civil/sls-load-combinations.md,Generate and check serviceability limit state load combinations per AS/NZS 1170.0 Table 4.1,AS/NZS 1170.0,civil; loading; serviceability; load-combinations; SLS; structural-actions; deterministic,with-tool,4,6,7,all_given; partial,load_category,drawing-geometry; tabular-source; document-evidence,parameters; outputs; difficulty; archetype; evidence_profile; hidden_parameter_policy; source_geometry; source_table
solar-array-wind-load,civil,wind-load-derivation,src/aec_bench/templates/builtin/civil/solar_array_wind_load,docs/task-world-opportunities/task-cards/civil/solar-array-wind-load.md,"Wind loads on ground-mounted solar PV arrays including uplift, downforce, and drag",AS/NZS 1170.2; SEAOC PV2-2017; ASCE 7-22,wind; solar; photovoltaic; uplift; drag; renewable-energy,with-tool,8,5,5,all_given; partial,row_position; tilt_angle_deg,drawing-geometry; tabular-source; document-evidence,parameters; outputs; difficulty; archetype; evidence_profile; hidden_parameter_policy; source_geometry; source_table
spillway-weir-capacity,civil,spillway-hydraulics,src/aec_bench/templates/builtin/civil/spillway_weir_capacity,docs/task-world-opportunities/task-cards/civil/spillway-weir-capacity.md,Calculate spillway discharge capacity using the standard weir equation with pier/abutment corrections,USBR Design Standard No. 14; USACE EM 1110-2-1603,civil; hydraulics; dams; spillway; weir; discharge,with-tool,8,5,5,all_given; partial,abutment_shape; discharge_coefficient; pier_shape,drawing-geometry; tabular-source; chart-curve,parameters; outputs; difficulty; archetype; evidence_profile; hidden_parameter_policy; source_geometry; source_table; source_curve
ssd-on-grade,civil,sight-distance,src/aec_bench/templates/builtin/civil/ssd_on_grade,docs/task-world-opportunities/task-cards/civil/ssd-on-grade.md,Stopping sight distance on a longitudinal grade using d_r + d_b per AGRD Part 3 §5,AGRD Part 3 §5,civil; roads; sight-distance; stopping; grade; deterministic,with-tool,3,3,4,all_given; partial,reaction_time_s,drawing-geometry; spatial-map; tabular-source,parameters; outputs; difficulty; archetype; evidence_profile; hidden_parameter_policy; source_geometry; source_table
stilling-basin-sizing,civil,spillway-hydraulics,src/aec_bench/templates/builtin/civil/stilling_basin_sizing,docs/task-world-opportunities/task-cards/civil/stilling-basin-sizing.md,Estimate stilling basin length required for energy dissipation based on Froude number and USBR basin type,USBR Hydraulic Design of Stilling Basins; USACE EM 1110-2-1603,civil; hydraulics; dams; spillway; stilling-basin; energy-dissipation,with-tool,3,4,4,all_given; partial,tailwater_depth_m,drawing-geometry; tabular-source; chart-curve,parameters; outputs; difficulty; archetype; evidence_profile; hidden_parameter_policy; source_geometry; source_table; source_curve
superelevation-rate,civil,horizontal-geometry,src/aec_bench/templates/builtin/civil/superelevation_rate,docs/task-world-opportunities/task-cards/civil/superelevation-rate.md,Superelevation rate and development length for horizontal curves using e + f = V^2 / (127 * R),AGRD Part 3 §7.5; AASHTO Green Book Ch. 3,civil; roads; horizontal-geometry; superelevation; curves; deterministic,with-tool,5,2,4,all_given; partial,side_friction_factor,drawing-geometry; spatial-map; tabular-source,parameters; outputs; difficulty; archetype; evidence_profile; hidden_parameter_policy; source_geometry; source_table
thermal-stress-calculation,civil,rail-stress,src/aec_bench/templates/builtin/civil/thermal_stress_calculation,docs/task-world-opportunities/task-cards/civil/thermal-stress-calculation.md,Rail thermal stress and force in CWR using sigma = E * alpha * dT (AREMA / ARTC),AREMA MRE Chapter 5; UIC 720 R; ARTC ETS-05-00,civil; rail; CWR; thermal-stress; longitudinal-force; track; deterministic,with-tool,4,3,4,all_given; partial,elastic_modulus_mpa; thermal_expansion_coeff_micro_per_c,drawing-geometry; spatial-map; tabular-source,parameters; outputs; difficulty; archetype; evidence_profile; hidden_parameter_policy; source_geometry; source_table
tidal-prism,civil,tidal-water-levels,src/aec_bench/templates/builtin/civil/tidal_prism,docs/task-world-opportunities/task-cards/civil/tidal-prism.md,Tidal prism and mean inlet velocity for a coastal basin,USACE Coastal Engineering Manual,civil; coastal; tidal-prism; inlet; hydraulics; deterministic,with-tool,5,4,3,all_given; partial,exchange_duration_h,drawing-geometry; tabular-source; chart-curve,parameters; outputs; difficulty; archetype; evidence_profile; hidden_parameter_policy; source_geometry; source_table; source_curve
transition-spiral-length,civil,track-geometry,src/aec_bench/templates/builtin/civil/transition_spiral_length,docs/task-world-opportunities/task-cards/civil/transition-spiral-length.md,"Minimum transition spiral length from cant runoff, cant deficiency rate of change, and twist criteria per ARTC ETS-05-00 / AREMA",ARTC ETS-05-00; AREMA MRE Chapter 5; EN 13803,civil; rail; track-geometry; spiral; transition; cant; deterministic,with-tool,6,4,4,all_given; partial,min_twist_ratio; rate_of_change_cant_mm_s; rate_of_change_cd_mm_s,spatial-map; tabular-source; time-series,parameters; outputs; difficulty; archetype; evidence_profile; hidden_parameter_policy; source_geometry; source_table; source_timeseries
uls-load-combinations,civil,load-combinations,src/aec_bench/templates/builtin/civil/uls_load_combinations,docs/task-world-opportunities/task-cards/civil/uls-load-combinations.md,Generate and check ultimate limit state load combinations per AS/NZS 1170.0 Table 4.1,AS/NZS 1170.0,civil; loading; load-combinations; ULS; structural-actions; deterministic,with-tool,5,6,6,all_given; partial,load_category,drawing-geometry; tabular-source; document-evidence,parameters; outputs; difficulty; archetype; evidence_profile; hidden_parameter_policy; source_geometry; source_table
uplift-pressure,civil,seepage-analysis,src/aec_bench/templates/builtin/civil/uplift_pressure,docs/task-world-opportunities/task-cards/civil/uplift-pressure.md,Calculate uplift pressure distribution on concrete gravity dam foundation for stability analysis,USACE EM 1110-2-2200; USBR Design Standard No. 13,civil; dams; uplift; pressure; seepage; stability; hydraulics,with-tool,5,4,4,all_given; partial,drain_efficiency_pct,drawing-geometry; tabular-source; chart-curve,parameters; outputs; difficulty; archetype; evidence_profile; hidden_parameter_policy; source_geometry; source_table; source_curve
vertical-curve-design,civil,track-geometry,src/aec_bench/templates/builtin/civil/vertical_curve_design,docs/task-world-opportunities/task-cards/civil/vertical-curve-design.md,Minimum vertical curve radius and length for railway grade transitions using R_v = V^2 / (3.6^2 * a_v),ARTC ETS-05-00; AREMA MRE Chapter 5,civil; rail; track-geometry; vertical-curve; grade-transition; deterministic,with-tool,4,3,4,all_given; partial,max_vertical_acceleration_m_s2,drawing-geometry; spatial-map; tabular-source,parameters; outputs; difficulty; archetype; evidence_profile; hidden_parameter_policy; source_geometry; source_table
wave-breaking,civil,wave-climate,src/aec_bench/templates/builtin/civil/wave_breaking,docs/task-world-opportunities/task-cards/civil/wave-breaking.md,"Wave breaking criteria using depth-limited breaking height, Iribarren number, and breaker type classification (USACE CEM)",USACE Coastal Engineering Manual (CEM); Weggel 1972,coastal; wave; breaking; iribarren; surf,both,4,4,4,all_given; partial,bottom_slope; wave_period_s,spatial-map; chart-curve; tabular-source,parameters; outputs; difficulty; archetype; evidence_profile; hidden_parameter_policy; source_geometry; source_table; source_curve
wave-runup,civil,wave-overtopping,src/aec_bench/templates/builtin/civil/wave_runup,docs/task-world-opportunities/task-cards/civil/wave-runup.md,2% exceedance wave runup on coastal structures using EurOtop (2018) TAW formula,EurOtop (2018); TAW Guidelines,coastal; wave; runup; overtopping; breakwater; dike,both,5,3,4,all_given; partial,berm_factor; roughness_factor; wave_period_s,spatial-map; chart-curve; tabular-source,parameters; outputs; difficulty; archetype; evidence_profile; hidden_parameter_policy; source_geometry; source_table; source_curve
wave-shoaling,civil,wave-climate,src/aec_bench/templates/builtin/civil/wave_shoaling,docs/task-world-opportunities/task-cards/civil/wave-shoaling.md,Wave shoaling and refraction using Fenton & McKee (1990) explicit wavelength approximation and Snell's law (USACE CEM),USACE Coastal Engineering Manual (CEM); Fenton & McKee 1990,coastal; wave; shoaling; refraction; nearshore,both,4,3,4,all_given; partial,deep_water_wave_angle_deg; wave_period_s,spatial-map; chart-curve; tabular-source,parameters; outputs; difficulty; archetype; evidence_profile; hidden_parameter_policy; source_geometry; source_table; source_curve
weir-outlet-design,civil,detention-design,src/aec_bench/templates/builtin/civil/weir_outlet_design,docs/task-world-opportunities/task-cards/civil/weir-outlet-design.md,Size emergency spillway weir for detention basin overflow,Hydraulics textbooks; Francis formula (1883),civil; hydraulics; stormwater; detention; weir; spillway,with-tool,4,2,4,all_given; partial,discharge_coefficient; head_over_weir_m,spatial-map; tabular-source; time-series,parameters; outputs; difficulty; archetype; evidence_profile; hidden_parameter_policy; source_geometry; source_table; source_timeseries
ac-resistance-temperature,electrical,electrical-parameters,src/aec_bench/templates/builtin/electrical/ac_resistance_temperature,docs/task-world-opportunities/task-cards/electrical/ac-resistance-temperature.md,AC resistance of conductor at operating temperature including skin effect per IEC 60287,IEC 60287-1-1; IEEE 738,electrical; ac-resistance; skin-effect; temperature; transmission-lines; deterministic,with-tool,4,3,4,all_given; partial,conductor_material,drawing-geometry; tabular-source; time-series,parameters; outputs; difficulty; archetype; evidence_profile; hidden_parameter_policy; source_geometry; source_table; source_timeseries
access-controller-sizing,electrical,access-control,src/aec_bench/templates/builtin/electrical/access_controller_sizing,docs/task-world-opportunities/task-cards/electrical/access-controller-sizing.md,"Size access controllers, power supplies, and backup battery capacity",SIA OSDP; UL 294,electrical; security; access-control; power-supply; battery; deterministic,with-tool,9,5,2,all_given; partial,battery_derating_factor,tabular-source; time-series; drawing-geometry,parameters; outputs; difficulty; archetype; evidence_profile; hidden_parameter_policy; source_geometry; source_table; source_timeseries
all-red-interval-calculation,electrical,signal-timing,src/aec_bench/templates/builtin/electrical/all_red_interval_calculation,docs/task-world-opportunities/task-cards/electrical/all-red-interval-calculation.md,Traffic signal all-red clearance interval,MUTCD; AS 1742.14,electrical; traffic-signals; all-red; clearance; deterministic,with-tool,3,3,2,all_given; partial,vehicle_speed_m_s,drawing-geometry; tabular-source; spatial-map,parameters; outputs; difficulty; archetype; evidence_profile; hidden_parameter_policy; source_geometry; source_table
bandwidth-calculation,electrical,its-communications,src/aec_bench/templates/builtin/electrical/bandwidth_calculation,docs/task-world-opportunities/task-cards/electrical/bandwidth-calculation.md,ITS network bandwidth capacity from device inventory,IEEE 802.3; NTCIP,electrical; its; communications; bandwidth; network; deterministic,with-tool,8,3,2,all_given; partial,future_capacity_buffer_pct,drawing-geometry; tabular-source; spatial-map,parameters; outputs; difficulty; archetype; evidence_profile; hidden_parameter_policy; source_geometry; source_table
battery-sizing,electrical,power-supply,src/aec_bench/templates/builtin/electrical/battery_sizing,docs/task-world-opportunities/task-cards/electrical/battery-sizing.md,Backup battery capacity and UPS apparent power sizing,EN 50125; IEEE 485,electrical; battery; ups; backup-power; autonomy; deterministic,with-tool,8,4,2,all_given; partial,temperature_derating_factor,tabular-source; time-series; drawing-geometry,parameters; outputs; difficulty; archetype; evidence_profile; hidden_parameter_policy; source_geometry; source_table; source_timeseries
bess-sizing,electrical,bess-design,src/aec_bench/templates/builtin/electrical/bess_sizing,docs/task-world-opportunities/task-cards/electrical/bess-sizing.md,Battery energy storage system sizing calculation per IEC 62933,IEC 62933; IEEE 2030.2.1,electrical; bess; battery; energy-storage; sizing; capacity,with-tool,5,4,4,all_given; partial,depth_of_discharge_pct; round_trip_efficiency_pct,tabular-source; time-series; drawing-geometry,parameters; outputs; difficulty; archetype; evidence_profile; hidden_parameter_policy; source_geometry; source_table; source_timeseries
bess-sizing-basic,electrical,bess-design,src/aec_bench/templates/builtin/electrical/bess_sizing_basic,docs/task-world-opportunities/task-cards/electrical/bess-sizing-basic.md,Calculate basic BESS power and energy capacity,IEC 62933; IEEE 2030.2.1,electrical; bess; storage; energy; capacity; deterministic,with-tool,5,4,2,all_given; partial,end_of_life_capacity_retention_pct,tabular-source; time-series; drawing-geometry,parameters; outputs; difficulty; archetype; evidence_profile; hidden_parameter_policy; source_geometry; source_table; source_timeseries
busbar-forces,electrical,busbar-design,src/aec_bench/templates/builtin/electrical/busbar_forces,docs/task-world-opportunities/task-cards/electrical/busbar-forces.md,Busbar short-circuit electromagnetic force and stress calculation per IEEE 605 / IEC 60865-1,IEEE 605-2008; IEC 60865-1:2011,electrical; busbar; short-circuit; electromagnetic-force; substation,with-tool,7,3,3,all_given; partial,busbar_material; support_condition,tabular-source; time-series; drawing-geometry,parameters; outputs; difficulty; archetype; evidence_profile; hidden_parameter_policy; source_geometry; source_table; source_timeseries
cable-ampacity,electrical,cable-sizing,src/aec_bench/templates/builtin/electrical/cable_ampacity,docs/task-world-opportunities/task-cards/electrical/cable-ampacity.md,Cable ampacity derating calculation per AS/NZS 3008.1.1,AS/NZS 3008.1.1; IEC 60287; IEC 60364-5-52,electrical; cable-ampacity; derating; cable-sizing; deterministic,with-tool,6,4,4,all_given; partial,installation_method; insulation_type,tabular-source; time-series; drawing-geometry,parameters; outputs; difficulty; archetype; evidence_profile; hidden_parameter_policy; source_geometry; source_table; source_timeseries
car-dimensions-check,electrical,shaft-sizing,src/aec_bench/templates/builtin/electrical/car_dimensions_check,docs/task-world-opportunities/task-cards/electrical/car-dimensions-check.md,Calculate lift car dimension margins,ISO 4190-1; AS 1735.12; EN 81-70,electrical; vertical-transportation; lift; accessibility; dimensions; deterministic,with-tool,7,5,2,all_given; partial,minimum_door_opening_mm,drawing-geometry; tabular-source; time-series,parameters; outputs; difficulty; archetype; evidence_profile; hidden_parameter_policy; source_geometry; source_table; source_timeseries
cctv-storage-calculation,electrical,cctv-design,src/aec_bench/templates/builtin/electrical/cctv_storage_calculation,docs/task-world-opportunities/task-cards/electrical/cctv-storage-calculation.md,CCTV video storage sizing from bitrate and retention,IEC 62676-4,electrical; cctv; storage; video; security; deterministic,with-tool,5,3,2,all_given; partial,retention_days,drawing-geometry; tabular-source; spatial-map,parameters; outputs; difficulty; archetype; evidence_profile; hidden_parameter_policy; source_geometry; source_table
conduit-fill-calculation,electrical,structured-cabling,src/aec_bench/templates/builtin/electrical/conduit_fill_calculation,docs/task-world-opportunities/task-cards/electrical/conduit-fill-calculation.md,Structured cabling conduit fill percentage,ANSI/TIA-569; AS/NZS 3080,electrical; conduit; fill; structured-cabling; deterministic,with-tool,4,4,2,all_given; partial,maximum_fill_pct,drawing-geometry; tabular-source; time-series,parameters; outputs; difficulty; archetype; evidence_profile; hidden_parameter_policy; source_geometry; source_table; source_timeseries
cv-liquid-incompressible,electrical,control-valve-sizing,src/aec_bench/templates/builtin/electrical/cv_liquid_incompressible,docs/task-world-opportunities/task-cards/electrical/cv-liquid-incompressible.md,Control valve Cv sizing for incompressible liquid service per ISA-75.01.01,ISA-75.01.01; IEC 60534-2-1,electrical; instrumentation; control-valve; cv-sizing; liquid-flow,with-tool,7,4,4,all_given; partial,fl_recovery_factor; fluid_critical_pressure_bar; fluid_specific_gravity; fluid_vapor_pressure_bar,drawing-geometry; tabular-source; time-series,parameters; outputs; difficulty; archetype; evidence_profile; hidden_parameter_policy; source_geometry; source_table; source_timeseries
dc-ac-ratio,electrical,solar-pv-design,src/aec_bench/templates/builtin/electrical/dc_ac_ratio,docs/task-world-opportunities/task-cards/electrical/dc-ac-ratio.md,Solar PV DC/AC ratio (inverter loading ratio) and energy yield calculation,IEC 62548; AS/NZS 5033,electrical; solar; pv; inverter; dc-ac-ratio; clipping; energy-yield,with-tool,4,4,4,all_given; partial,annual_psh,drawing-geometry; tabular-source; document-evidence,parameters; outputs; difficulty; archetype; evidence_profile; hidden_parameter_policy; source_geometry; source_table
escalator-capacity,electrical,escalator-design,src/aec_bench/templates/builtin/electrical/escalator_capacity,docs/task-world-opportunities/task-cards/electrical/escalator-capacity.md,Escalator theoretical and practical passenger capacity,EN 115-1; AS 1735.10,electrical; escalator; capacity; vertical-transportation; deterministic,with-tool,4,4,2,all_given; partial,practical_loading_factor_pct,drawing-geometry; tabular-source; time-series,parameters; outputs; difficulty; archetype; evidence_profile; hidden_parameter_policy; source_geometry; source_table; source_timeseries
fiber-link-loss-budget,electrical,structured-cabling,src/aec_bench/templates/builtin/electrical/fiber_link_loss_budget,docs/task-world-opportunities/task-cards/electrical/fiber-link-loss-budget.md,Optical fibre link loss budget and power margin,ISO/IEC 11801; TIA-568,electrical; fibre; fiber; link-loss; structured-cabling; deterministic,with-tool,7,5,2,all_given; partial,system_loss_budget_db,tabular-source; time-series; drawing-geometry,parameters; outputs; difficulty; archetype; evidence_profile; hidden_parameter_policy; source_geometry; source_table; source_timeseries
4-20ma-scaling,electrical,signal-processing,src/aec_bench/templates/builtin/electrical/four_twenty_ma_scaling,docs/task-world-opportunities/task-cards/electrical/4-20ma-scaling.md,Linear process variable scaling to a 4-20 mA signal,ISA-5.1; IEC 60381,electrical; instrumentation; 4-20ma; signal-scaling; deterministic,with-tool,3,3,2,all_given; partial,upper_range_value,drawing-geometry; tabular-source; spatial-map,parameters; outputs; difficulty; archetype; evidence_profile; hidden_parameter_policy; source_geometry; source_table
grid-resistance,electrical,grounding-design,src/aec_bench/templates/builtin/electrical/grid_resistance,docs/task-world-opportunities/task-cards/electrical/grid-resistance.md,Substation grounding grid resistance calculation per IEEE 80-2013,IEEE 80-2013,electrical; grounding; earthing; substation; grid-resistance; deterministic,with-tool,6,4,4,all_given; partial,soil_resistivity_ohm_m,tabular-source; time-series; drawing-geometry,parameters; outputs; difficulty; archetype; evidence_profile; hidden_parameter_policy; source_geometry; source_table; source_timeseries
handling-capacity,electrical,traffic-analysis,src/aec_bench/templates/builtin/electrical/handling_capacity,docs/task-world-opportunities/task-cards/electrical/handling-capacity.md,Five-minute lift handling capacity percentage,CIBSE Guide D,electrical; lifts; handling-capacity; vertical-transportation; deterministic,with-tool,5,2,2,all_given; partial,car_loading_factor_pct,drawing-geometry; tabular-source; spatial-map,parameters; outputs; difficulty; archetype; evidence_profile; hidden_parameter_policy; source_geometry; source_table
ice-load-calculation,electrical,structural-loading,src/aec_bench/templates/builtin/electrical/ice_load_calculation,docs/task-world-opportunities/task-cards/electrical/ice-load-calculation.md,Calculate ice and wind loading on an overhead conductor,IEC 60826; AS/NZS 7000,electrical; transmission-line; ice-load; wind-load; conductor; deterministic,with-tool,5,6,2,all_given; partial,ice_density_kg_m3,drawing-geometry; tabular-source; document-evidence,parameters; outputs; difficulty; archetype; evidence_profile; hidden_parameter_policy; source_geometry; source_table
incident-energy,electrical,arc-flash,src/aec_bench/templates/builtin/electrical/incident_energy,docs/task-world-opportunities/task-cards/electrical/incident-energy.md,Arc flash incident energy calculation per IEEE 1584 and NFPA 70E,IEEE 1584; NFPA 70E,electrical; arc-flash; incident-energy; safety; PPE,with-tool,6,4,4,all_given; partial,electrode_gap_mm; enclosure_type,drawing-geometry; tabular-source; time-series,parameters; outputs; difficulty; archetype; evidence_profile; hidden_parameter_policy; source_geometry; source_table; source_timeseries
interior-uniformity,electrical,interior-lighting,src/aec_bench/templates/builtin/electrical/interior_uniformity,docs/task-world-opportunities/task-cards/electrical/interior-uniformity.md,Calculate interior illuminance uniformity ratios,EN 12464-1; AS/NZS 1680,electrical; lighting; interior-lighting; uniformity; deterministic,with-tool,4,3,2,all_given; partial,background_average_illuminance_lux,drawing-geometry; tabular-source; spatial-map,parameters; outputs; difficulty; archetype; evidence_profile; hidden_parameter_policy; source_geometry; source_table
interval-calculation,electrical,traffic-analysis,src/aec_bench/templates/builtin/electrical/interval_calculation,docs/task-world-opportunities/task-cards/electrical/interval-calculation.md,Average lift interval from round-trip time and lift count,CIBSE Guide D,electrical; lifts; vertical-transportation; interval; deterministic,with-tool,2,2,2,all_given; partial,lift_count,drawing-geometry; tabular-source; spatial-map,parameters; outputs; difficulty; archetype; evidence_profile; hidden_parameter_policy; source_geometry; source_table
leni-calculation,electrical,energy-performance,src/aec_bench/templates/builtin/electrical/leni_calculation,docs/task-world-opportunities/task-cards/electrical/leni-calculation.md,Calculate interior lighting LENI,EN 15193-1,electrical; lighting; interior-lighting; leni; energy; deterministic,with-tool,6,3,2,all_given; partial,daylight_factor,drawing-geometry; tabular-source; spatial-map,parameters; outputs; difficulty; archetype; evidence_profile; hidden_parameter_policy; source_geometry; source_table
line-capacitance,electrical,electrical-parameters,src/aec_bench/templates/builtin/electrical/line_capacitance,docs/task-world-opportunities/task-cards/electrical/line-capacitance.md,Overhead line capacitance and charging reactive power,IEC 60909,electrical; line-capacitance; charging; surge-impedance; transmission-lines; deterministic,with-tool,7,4,2,all_given; partial,frequency_hz,tabular-source; time-series; drawing-geometry,parameters; outputs; difficulty; archetype; evidence_profile; hidden_parameter_policy; source_geometry; source_table; source_timeseries
line-inductance,electrical,electrical-parameters,src/aec_bench/templates/builtin/electrical/line_inductance,docs/task-world-opportunities/task-cards/electrical/line-inductance.md,Three-phase overhead line inductance from GMD and GMR,IEC 60909; IEEE 738,electrical; line-inductance; gmd; gmr; transmission-lines; deterministic,with-tool,6,3,3,all_given; partial,bundle_count,drawing-geometry; tabular-source; time-series,parameters; outputs; difficulty; archetype; evidence_profile; hidden_parameter_policy; source_geometry; source_table; source_timeseries
lux-level-calculation,electrical,lighting-design,src/aec_bench/templates/builtin/electrical/lux_level_calculation,docs/task-world-opportunities/task-cards/electrical/lux-level-calculation.md,Calculate average room illuminance using the lumen method,AS/NZS 1680.1; AS/NZS 1680.2.2,electrical; lighting; lumen-method; illuminance; deterministic,with-tool,9,4,2,all_given; partial,utilisation_factor,drawing-geometry; tabular-source; spatial-map,parameters; outputs; difficulty; archetype; evidence_profile; hidden_parameter_policy; source_geometry; source_table
overlap-calculation,electrical,signal-sighting,src/aec_bench/templates/builtin/electrical/overlap_calculation,docs/task-world-opportunities/task-cards/electrical/overlap-calculation.md,Calculate rail signal overlap distance,Network Rail NR/L2/SIG/10158; AS 7711,electrical; rail; signalling; overlap; braking; deterministic,with-tool,6,6,2,all_given; partial,low_adhesion_factor,drawing-geometry; spatial-map; tabular-source,parameters; outputs; difficulty; archetype; evidence_profile; hidden_parameter_policy; source_geometry; source_table
pedestrian-clearance-time,electrical,signal-timing,src/aec_bench/templates/builtin/electrical/pedestrian_clearance_time,docs/task-world-opportunities/task-cards/electrical/pedestrian-clearance-time.md,Pedestrian flashing clearance interval from crossing length,MUTCD; AS 1742.14,electrical; traffic-signals; pedestrian; clearance-time; signal-timing; deterministic,with-tool,2,2,3,all_given; partial,walking_speed_m_s,drawing-geometry; tabular-source; spatial-map,parameters; outputs; difficulty; archetype; evidence_profile; hidden_parameter_policy; source_geometry; source_table
pfc-sizing,electrical,load-flow,src/aec_bench/templates/builtin/electrical/pfc_sizing,docs/task-world-opportunities/task-cards/electrical/pfc-sizing.md,Capacitor kVAr sizing for power factor correction,IEEE 3002.2; AS/NZS 2067,electrical; power-factor; capacitor; reactive-power; load-flow; deterministic,with-tool,3,4,3,all_given; partial,initial_power_factor,drawing-geometry; tabular-source; document-evidence,parameters; outputs; difficulty; archetype; evidence_profile; hidden_parameter_policy; source_geometry; source_table
poe-power-budget,electrical,poe-network,src/aec_bench/templates/builtin/electrical/poe_power_budget,docs/task-world-opportunities/task-cards/electrical/poe-power-budget.md,PoE switch power budget and headroom margin,IEEE 802.3bt; IEEE 802.3at,electrical; poe; network; power-budget; deterministic,with-tool,4,5,2,all_given; partial,required_headroom_pct,tabular-source; time-series; drawing-geometry,parameters; outputs; difficulty; archetype; evidence_profile; hidden_parameter_policy; source_geometry; source_table; source_timeseries
power-load-calculation,electrical,power-supply,src/aec_bench/templates/builtin/electrical/power_load_calculation,docs/task-world-opportunities/task-cards/electrical/power-load-calculation.md,Signalling equipment connected load and supply kVA,EN 50125; AS 7717,electrical; signalling; power-load; supply-sizing; deterministic,with-tool,5,4,2,all_given; partial,future_expansion_pct,drawing-geometry; tabular-source; document-evidence,parameters; outputs; difficulty; archetype; evidence_profile; hidden_parameter_policy; source_geometry; source_table
ppm-calculation,electrical,cctv-design,src/aec_bench/templates/builtin/electrical/ppm_calculation,docs/task-world-opportunities/task-cards/electrical/ppm-calculation.md,CCTV pixels-per-metre calculation from camera geometry,IEC 62676-4; EN 62676-4,electrical; cctv; ppm; camera; security; deterministic,with-tool,5,3,3,all_given; partial,target_ppm,drawing-geometry; spatial-map; tabular-source,parameters; outputs; difficulty; archetype; evidence_profile; hidden_parameter_policy; source_geometry; source_table
radial-feeder-voltage-drop,electrical,load-flow,src/aec_bench/templates/builtin/electrical/radial_feeder_voltage_drop,docs/task-world-opportunities/task-cards/electrical/radial-feeder-voltage-drop.md,Single-section radial distribution feeder voltage drop,IEEE 3002.2; AS/NZS 3008.1,electrical; radial-feeder; voltage-drop; distribution; deterministic,with-tool,6,5,2,all_given; partial,load_reactive_power_kvar,drawing-geometry; tabular-source; document-evidence,parameters; outputs; difficulty; archetype; evidence_profile; hidden_parameter_policy; source_geometry; source_table
rf-link-budget,electrical,wireless-design,src/aec_bench/templates/builtin/electrical/rf_link_budget,docs/task-world-opportunities/task-cards/electrical/rf-link-budget.md,Wireless RF link budget with free-space path loss,IEEE 802.11; FCC Part 15,electrical; wireless; rf; link-budget; path-loss; deterministic,with-tool,7,4,2,all_given; partial,obstacle_losses_db,drawing-geometry; tabular-source; spatial-map,parameters; outputs; difficulty; archetype; evidence_profile; hidden_parameter_policy; source_geometry; source_table
road-aeci-calculation,electrical,energy-performance,src/aec_bench/templates/builtin/electrical/road_aeci_calculation,docs/task-world-opportunities/task-cards/electrical/road-aeci-calculation.md,Calculate road lighting Annual Energy Consumption Index,EN 13201-5; AS/NZS 1158.3.1,electrical; lighting; road-lighting; aeci; energy; deterministic,with-tool,5,2,2,all_given; partial,dimmed_hours_per_year,drawing-geometry; spatial-map; tabular-source,parameters; outputs; difficulty; archetype; evidence_profile; hidden_parameter_policy; source_geometry; source_table
road-pdi-calculation,electrical,energy-performance,src/aec_bench/templates/builtin/electrical/road_pdi_calculation,docs/task-world-opportunities/task-cards/electrical/road-pdi-calculation.md,Calculate road lighting Power Density Index,EN 13201-5; AS/NZS 1158.3.1,electrical; lighting; road-lighting; pdi; energy; deterministic,with-tool,3,2,2,all_given; partial,illuminated_area_m2,drawing-geometry; spatial-map; tabular-source,parameters; outputs; difficulty; archetype; evidence_profile; hidden_parameter_policy; source_geometry; source_table
road-uniformity-check,electrical,road-lighting,src/aec_bench/templates/builtin/electrical/road_uniformity_check,docs/task-world-opportunities/task-cards/electrical/road-uniformity-check.md,Calculate road lighting uniformity ratios,EN 13201-2; AS/NZS 1158.2,electrical; lighting; road-lighting; uniformity; deterministic,with-tool,5,3,2,all_given; partial,target_overall_uniformity,drawing-geometry; spatial-map; tabular-source,parameters; outputs; difficulty; archetype; evidence_profile; hidden_parameter_policy; source_geometry; source_table
shaft-dimensions,electrical,shaft-sizing,src/aec_bench/templates/builtin/electrical/shaft_dimensions,docs/task-world-opportunities/task-cards/electrical/shaft-dimensions.md,Calculate reduced lift shaft dimensions,ISO 4190-1; EN 81-20; AS 1735.1,electrical; vertical-transportation; lift; shaft; dimensions; deterministic,with-tool,9,4,2,all_given; partial,rear_clearance_mm,drawing-geometry; tabular-source; time-series,parameters; outputs; difficulty; archetype; evidence_profile; hidden_parameter_policy; source_geometry; source_table; source_timeseries
signal-sighting-distance,electrical,signal-sighting,src/aec_bench/templates/builtin/electrical/signal_sighting_distance,docs/task-world-opportunities/task-cards/electrical/signal-sighting-distance.md,Rail signal sighting distance from reaction and braking distance,Network Rail NR/L2/SIG/10158; AS 7711,electrical; rail; signal-sighting; braking-distance; deterministic,with-tool,4,5,2,all_given; partial,track_gradient_pct,drawing-geometry; spatial-map; tabular-source,parameters; outputs; difficulty; archetype; evidence_profile; hidden_parameter_policy; source_geometry; source_table
single-span-sag-tension,electrical,catenary-design,src/aec_bench/templates/builtin/electrical/single_span_sag_tension,docs/task-world-opportunities/task-cards/electrical/single-span-sag-tension.md,Single span sag-tension calculation for overhead contact wires per EN 50119,EN 50119; EN 50367,electrical; catenary; sag-tension; overhead-wire; deterministic,with-tool,4,4,3,all_given; partial,wire_weight_per_m_n,drawing-geometry; tabular-source; time-series,parameters; outputs; difficulty; archetype; evidence_profile; hidden_parameter_policy; source_geometry; source_table; source_timeseries
sports-illuminance-uniformity,electrical,sports-lighting,src/aec_bench/templates/builtin/electrical/sports_illuminance_uniformity,docs/task-world-opportunities/task-cards/electrical/sports-illuminance-uniformity.md,Calculate sports field illuminance and uniformity,EN 12193; AS 2560,electrical; lighting; sports-lighting; illuminance; uniformity; deterministic,with-tool,10,5,2,all_given; partial,target_uniformity_u2,drawing-geometry; tabular-source; spatial-map,parameters; outputs; difficulty; archetype; evidence_profile; hidden_parameter_policy; source_geometry; source_table
static-thermal-rating,electrical,thermal-rating,src/aec_bench/templates/builtin/electrical/static_thermal_rating,docs/task-world-opportunities/task-cards/electrical/static-thermal-rating.md,Steady-state thermal rating (ampacity) of bare overhead conductors per IEEE 738,IEEE 738; CIGRE TB 601,electrical; thermal-rating; ampacity; overhead-conductor; deterministic,with-tool,9,4,3,all_given; partial,absorptivity; emissivity,drawing-geometry; tabular-source; time-series,parameters; outputs; difficulty; archetype; evidence_profile; hidden_parameter_policy; source_geometry; source_table; source_timeseries
string-sizing,electrical,solar-pv-design,src/aec_bench/templates/builtin/electrical/string_sizing,docs/task-world-opportunities/task-cards/electrical/string-sizing.md,Solar PV string sizing with temperature-corrected voltage limits per AS/NZS 5033,AS/NZS 5033; IEC 62548,electrical; solar; pv; string-sizing; temperature-correction; deterministic,both,9,4,4,all_given; partial,site_max_temp_c; site_min_temp_c,tabular-source; time-series; drawing-geometry,parameters; outputs; difficulty; archetype; evidence_profile; hidden_parameter_policy; source_geometry; source_table; source_timeseries
three-phase-fault-current,electrical,short-circuit,src/aec_bench/templates/builtin/electrical/three_phase_fault_current,docs/task-world-opportunities/task-cards/electrical/three-phase-fault-current.md,Three-phase fault current calculation per IEC 60909-0,IEC 60909-0:2016; AS 3851,electrical; short-circuit; fault-current; iec-60909; deterministic,with-tool,8,6,4,all_given; partial,voltage_factor_c,tabular-source; time-series; drawing-geometry,parameters; outputs; difficulty; archetype; evidence_profile; hidden_parameter_policy; source_geometry; source_table; source_timeseries
vms-legibility-distance,electrical,vms-design,src/aec_bench/templates/builtin/electrical/vms_legibility_distance,docs/task-world-opportunities/task-cards/electrical/vms-legibility-distance.md,Variable message sign legibility distance and reading time,MUTCD; NYSDOT VMS Guidelines,electrical; vms; signage; legibility; its; deterministic,with-tool,3,4,2,all_given; partial,reading_rate_chars_s,drawing-geometry; tabular-source; time-series,parameters; outputs; difficulty; archetype; evidence_profile; hidden_parameter_policy; source_geometry; source_table; source_timeseries
voltage-drop,electrical,cable-sizing,src/aec_bench/templates/builtin/electrical/voltage_drop,docs/task-world-opportunities/task-cards/electrical/voltage-drop.md,Cable voltage drop calculation per AS/NZS 3008.1.1,AS/NZS 3008.1.1; AS/NZS 3000:2018; IEC 60364-5-52,electrical; voltage-drop; cable-sizing; deterministic,with-tool,6,4,4,all_given; partial,conductor_material,tabular-source; time-series; drawing-geometry,parameters; outputs; difficulty; archetype; evidence_profile; hidden_parameter_policy; source_geometry; source_table; source_timeseries
voltage-drop-dc,electrical,solar-pv-design,src/aec_bench/templates/builtin/electrical/voltage_drop_dc,docs/task-world-opportunities/task-cards/electrical/voltage-drop-dc.md,Calculate DC string cable voltage drop,AS/NZS 5033; AS/NZS 3008.1,electrical; solar-pv; dc; voltage-drop; cable; deterministic,with-tool,7,4,2,all_given; partial,cable_resistivity_ohm_mm2_m,tabular-source; time-series; drawing-geometry,parameters; outputs; difficulty; archetype; evidence_profile; hidden_parameter_policy; source_geometry; source_table; source_timeseries
voltage-regulation,electrical,electrical-parameters,src/aec_bench/templates/builtin/electrical/voltage_regulation,docs/task-world-opportunities/task-cards/electrical/voltage-regulation.md,Approximate three-phase transmission line voltage regulation,IEC 60909; AS 2067,electrical; voltage-regulation; line-drop; transmission; deterministic,with-tool,6,4,2,all_given; partial,load_reactive_power_mvar,drawing-geometry; tabular-source; time-series,parameters; outputs; difficulty; archetype; evidence_profile; hidden_parameter_policy; source_geometry; source_table; source_timeseries
warning-time-calculation,electrical,level-crossings,src/aec_bench/templates/builtin/electrical/warning_time_calculation,docs/task-world-opportunities/task-cards/electrical/warning-time-calculation.md,Level crossing warning time and strike-in distance,AS 7711; Network Rail standards,electrical; rail; level-crossing; warning-time; signalling; deterministic,with-tool,5,4,2,all_given; partial,system_delay_s,drawing-geometry; tabular-source; spatial-map,parameters; outputs; difficulty; archetype; evidence_profile; hidden_parameter_policy; source_geometry; source_table
wind-load-conductor,electrical,structural-loading,src/aec_bench/templates/builtin/electrical/wind_load_conductor,docs/task-world-opportunities/task-cards/electrical/wind-load-conductor.md,Calculate wind load on an overhead conductor span,IEC 60826; AS/NZS 7000,electrical; transmission-line; wind-load; conductor; deterministic,with-tool,6,3,2,all_given; partial,terrain_category,drawing-geometry; tabular-source; document-evidence,parameters; outputs; difficulty; archetype; evidence_profile; hidden_parameter_policy; source_geometry; source_table
yellow-interval-calculation,electrical,signal-timing,src/aec_bench/templates/builtin/electrical/yellow_interval_calculation,docs/task-world-opportunities/task-cards/electrical/yellow-interval-calculation.md,Traffic-signal yellow interval using the metric ITE equation,ITE Yellow Interval Equation; MUTCD; AS 1742.14,electrical; traffic-signals; yellow-interval; signal-timing; kinematics; deterministic,with-tool,4,4,3,all_given; partial,road_grade_pct,drawing-geometry; tabular-source; spatial-map,parameters; outputs; difficulty; archetype; evidence_profile; hidden_parameter_policy; source_geometry; source_table
consolidation-settlement,ground,shallow-foundations,src/aec_bench/templates/builtin/ground/consolidation_settlement,docs/task-world-opportunities/task-cards/ground/consolidation-settlement.md,Primary consolidation settlement for clay layers using Terzaghi's 1D theory,Terzaghi 1D consolidation theory,geotechnical; settlement; consolidation; clay; deterministic,with-tool,7,2,3,all_given; partial,compression_index_cc; initial_void_ratio_e0; recompression_index_cr,drawing-geometry; tabular-source; document-evidence,parameters; outputs; difficulty; archetype; evidence_profile; hidden_parameter_policy; source_geometry; source_table
cpt-parameter-derivation,ground,soil-interpretation,src/aec_bench/templates/builtin/ground/cpt_parameter_derivation,docs/task-world-opportunities/task-cards/ground/cpt-parameter-derivation.md,CPT parameter derivation using Robertson (1990) correlations,Robertson (1990); Lunne et al. (1997); Robertson and Campanella (1983),geotechnical; cpt; soil-classification; deterministic,with-tool,7,7,4,all_given; partial,net_area_ratio; total_unit_weight_kn_m3,drawing-geometry; tabular-source; document-evidence,parameters; outputs; difficulty; archetype; evidence_profile; hidden_parameter_policy; source_geometry; source_table
immediate-settlement,ground,shallow-foundations,src/aec_bench/templates/builtin/ground/immediate_settlement,docs/task-world-opportunities/task-cards/ground/immediate-settlement.md,Elastic immediate settlement of shallow foundations using Boussinesq theory,Bowles (1996); Boussinesq elastic theory,geotechnical; settlement; elastic; immediate; deterministic,with-tool,7,2,4,all_given; partial,elastic_modulus_mpa; poisson_ratio,drawing-geometry; tabular-source; document-evidence,parameters; outputs; difficulty; archetype; evidence_profile; hidden_parameter_policy; source_geometry; source_table
infinite-slope,ground,slope-stability,src/aec_bench/templates/builtin/ground/infinite_slope,docs/task-world-opportunities/task-cards/ground/infinite-slope.md,Factor of safety for infinite slope failure,Standard geotechnical texts,geotechnical; slope-stability; deterministic,with-tool,6,4,8,all_given; partial,cohesion_kpa; friction_angle_deg; unit_weight_kn_m3,drawing-geometry; tabular-source; document-evidence,parameters; outputs; difficulty; archetype; evidence_profile; hidden_parameter_policy; source_geometry; source_table
lateral-earth-pressure,ground,retaining-walls,src/aec_bench/templates/builtin/ground/lateral_earth_pressure,docs/task-world-opportunities/task-cards/ground/lateral-earth-pressure.md,Active and passive earth pressures using Rankine or Coulomb theory,Rankine (1857); Coulomb (1776),geotechnical; earth-pressure; retaining-wall; deterministic,both,8,7,5,all_given; partial,cohesion_kpa; friction_angle_deg; unit_weight_kn_m3,drawing-geometry; tabular-source; document-evidence,parameters; outputs; difficulty; archetype; evidence_profile; hidden_parameter_policy; source_geometry; source_table
meyerhof-bearing-capacity,ground,shallow-foundations,src/aec_bench/templates/builtin/ground/meyerhof_bearing_capacity,docs/task-world-opportunities/task-cards/ground/meyerhof-bearing-capacity.md,"Ultimate bearing capacity using Meyerhof's 1963 general equation with shape, depth, and inclination factors",Meyerhof (1963),geotechnical; bearing-capacity; shallow-foundations; deterministic,with-tool,9,14,4,all_given; partial,cohesion_kpa; friction_angle_deg; unit_weight_kn_m3,drawing-geometry; tabular-source; document-evidence,parameters; outputs; difficulty; archetype; evidence_profile; hidden_parameter_policy; source_geometry; source_table
spt-corrections,ground,soil-interpretation,src/aec_bench/templates/builtin/ground/spt_corrections,docs/task-world-opportunities/task-cards/ground/spt-corrections.md,SPT N-value corrections using Liao & Whitman (1986),Liao and Whitman (1986); ASTM D1586,geotechnical; spt; deterministic,with-tool,6,7,3,all_given; partial,borehole_diameter_mm; hammer_type; sampler_type,drawing-geometry; tabular-source; document-evidence,parameters; outputs; difficulty; archetype; evidence_profile; hidden_parameter_policy; source_geometry; source_table
terzaghi-bearing-capacity,ground,shallow-foundations,src/aec_bench/templates/builtin/ground/terzaghi_bearing_capacity,docs/task-world-opportunities/task-cards/ground/terzaghi-bearing-capacity.md,Ultimate bearing capacity using Terzaghi's 1943 equation,Terzaghi (1943),geotechnical; bearing-capacity; deterministic,with-tool,8,5,4,all_given; partial,cohesion_kpa; friction_angle_deg; unit_weight_kn_m3,drawing-geometry; tabular-source; document-evidence,parameters; outputs; difficulty; archetype; evidence_profile; hidden_parameter_policy; source_geometry; source_table
wall-bearing,ground,retaining-walls,src/aec_bench/templates/builtin/ground/wall_bearing,docs/task-world-opportunities/task-cards/ground/wall-bearing.md,Retaining wall base bearing check with eccentricity using Meyerhof effective width,AS 4678; Meyerhof (1963),geotechnical; retaining-wall; bearing-capacity; eccentricity,with-tool,8,5,5,all_given; partial,soil_cohesion_kpa; soil_friction_angle_deg; soil_unit_weight_kn_m3,drawing-geometry; tabular-source; document-evidence,parameters; outputs; difficulty; archetype; evidence_profile; hidden_parameter_policy; source_geometry; source_table
wall-overturning,ground,retaining-walls,src/aec_bench/templates/builtin/ground/wall_overturning,docs/task-world-opportunities/task-cards/ground/wall-overturning.md,Overturning stability check for gravity/cantilever retaining walls,AS 4678; Eurocode 7,geotechnical; retaining-wall; overturning; stability,with-tool,9,5,4,all_given; partial,backfill_friction_angle_deg; backfill_unit_weight_kn_m3,drawing-geometry; tabular-source; document-evidence,parameters; outputs; difficulty; archetype; evidence_profile; hidden_parameter_policy; source_geometry; source_table
a-weighting,mechanical,fundamental-calculations,src/aec_bench/templates/builtin/mechanical/a_weighting,docs/task-world-opportunities/task-cards/mechanical/a-weighting.md,A-weighted octave-band sound level calculation,IEC 61672,mechanical; acoustics; a-weighting; log-sum; deterministic,with-tool,8,3,2,all_given,,chart-curve; drawing-geometry; tabular-source,parameters; outputs; difficulty; archetype; evidence_profile; source_geometry; source_table; source_curve
air-changes,mechanical,ventilation,src/aec_bench/templates/builtin/mechanical/air_changes,docs/task-world-opportunities/task-cards/mechanical/air-changes.md,Air changes per hour calculation for room ventilation,ASHRAE 62.1,mechanical; ventilation; air-changes; ach; deterministic,with-tool,2,1,2,all_given,,drawing-geometry; time-series; document-evidence,parameters; outputs; difficulty; archetype; evidence_profile; source_geometry; source_timeseries
air-demand,mechanical,compressed-air,src/aec_bench/templates/builtin/mechanical/air_demand,docs/task-world-opportunities/task-cards/mechanical/air-demand.md,Compressed air connected and simultaneous demand calculation,ISO 8573,mechanical; compressed-air; demand; deterministic,with-tool,7,4,2,all_given,,chart-curve; drawing-geometry; tabular-source,parameters; outputs; difficulty; archetype; evidence_profile; source_geometry; source_table; source_curve
available-flow-calculation,mechanical,hydrant-flow-test,src/aec_bench/templates/builtin/mechanical/available_flow_calculation,docs/task-world-opportunities/task-cards/mechanical/available-flow-calculation.md,Available fire flow from hydrant flow test,NFPA 291,mechanical; fire-services; hydrant; available-flow; deterministic,with-tool,4,4,2,all_given,,chart-curve; drawing-geometry; tabular-source,parameters; outputs; difficulty; archetype; evidence_profile; source_geometry; source_table; source_curve
biogas-production,mechanical,sludge-handling,src/aec_bench/templates/builtin/mechanical/biogas_production,docs/task-world-opportunities/task-cards/mechanical/biogas-production.md,Biogas and methane production from volatile solids destruction,WEF MOP 8,mechanical; wastewater; sludge; biogas; deterministic,with-tool,4,4,2,all_given,,chart-curve; drawing-geometry; tabular-source,parameters; outputs; difficulty; archetype; evidence_profile; source_geometry; source_table; source_curve
braking-distance,mechanical,braking-systems,src/aec_bench/templates/builtin/mechanical/braking_distance,docs/task-world-opportunities/task-cards/mechanical/braking-distance.md,Train braking distance calculation from brake effort and gradient,EN 14531-1; AS 7520.3,mechanical; rolling-stock; braking-distance; deceleration; deterministic,with-tool,5,4,2,all_given,,chart-curve; drawing-geometry; tabular-source,parameters; outputs; difficulty; archetype; evidence_profile; source_geometry; source_table; source_curve
chemical-dosing,mechanical,fundamental-calculations,src/aec_bench/templates/builtin/mechanical/chemical_dosing,docs/task-world-opportunities/task-cards/mechanical/chemical-dosing.md,Treatment chemical dose and feed rate calculation,WEF MOP 8,mechanical; water-treatment; chemical-dosing; feed-rate; deterministic,with-tool,4,4,2,all_given,,chart-curve; drawing-geometry; tabular-source,parameters; outputs; difficulty; archetype; evidence_profile; source_geometry; source_table; source_curve
cstr-volume,mechanical,reactor-sizing,src/aec_bench/templates/builtin/mechanical/cstr_volume,docs/task-world-opportunities/task-cards/mechanical/cstr-volume.md,Continuous stirred tank reactor volume calculation for first-order reactions,Chemical Reaction Engineering Fundamentals,mechanical; reactor-sizing; cstr; first-order; deterministic,with-tool,4,4,2,all_given,,chart-curve; drawing-geometry; tabular-source,parameters; outputs; difficulty; archetype; evidence_profile; source_geometry; source_table; source_curve
davis-resistance,mechanical,train-resistance-dynamics,src/aec_bench/templates/builtin/mechanical/davis_resistance,docs/task-world-opportunities/task-cards/mechanical/davis-resistance.md,Davis train running resistance and tractive power,Davis equation,mechanical; rail; train-resistance; tractive-power; deterministic,with-tool,5,4,2,all_given,,tabular-source; time-series; drawing-geometry,parameters; outputs; difficulty; archetype; evidence_profile; source_geometry; source_table; source_timeseries
distance-attenuation,mechanical,fundamental-calculations,src/aec_bench/templates/builtin/mechanical/distance_attenuation,docs/task-world-opportunities/task-cards/mechanical/distance-attenuation.md,Point-source sound pressure level adjustment for a change in distance,ISO 9613-2,mechanical; acoustics; sound-pressure-level; distance-attenuation; deterministic,with-tool,3,3,3,all_given,,chart-curve; drawing-geometry; tabular-source,parameters; outputs; difficulty; archetype; evidence_profile; source_geometry; source_table; source_curve
egress-width,mechanical,egress-modeling,src/aec_bench/templates/builtin/mechanical/egress_width,docs/task-world-opportunities/task-cards/mechanical/egress-width.md,Egress width calculation from occupant load,IBC; NCC,mechanical; life-safety; egress; width; deterministic,with-tool,3,4,2,all_given,,drawing-geometry; tabular-source; document-evidence,parameters; outputs; difficulty; archetype; evidence_profile; source_geometry; source_table
elevation-pressure,mechanical,sprinkler-hydraulics,src/aec_bench/templates/builtin/mechanical/elevation_pressure,docs/task-world-opportunities/task-cards/mechanical/elevation-pressure.md,Static pressure change from elevation difference,NFPA 13; AS 2118.1,mechanical; hydraulics; elevation; pressure; deterministic,with-tool,2,3,2,all_given,,drawing-geometry; tabular-source; chart-curve,parameters; outputs; difficulty; archetype; evidence_profile; source_geometry; source_table; source_curve
friction-loss-hazen-williams,mechanical,sprinkler-hydraulics,src/aec_bench/templates/builtin/mechanical/friction_loss_hazen_williams,docs/task-world-opportunities/task-cards/mechanical/friction-loss-hazen-williams.md,Imperial Hazen-Williams sprinkler pipe friction loss,NFPA 13; AS 2118,mechanical; fire-services; sprinkler; hazen-williams; deterministic,with-tool,5,4,2,all_given,,drawing-geometry; tabular-source; chart-curve,parameters; outputs; difficulty; archetype; evidence_profile; source_geometry; source_table; source_curve
gas-load-calculation,mechanical,gas-services,src/aec_bench/templates/builtin/mechanical/gas_load_calculation,docs/task-world-opportunities/task-cards/mechanical/gas-load-calculation.md,Connected and diversified gas load calculation,AS/NZS 5601.1,mechanical; gas-services; load; demand; deterministic,with-tool,7,4,2,all_given,,drawing-geometry; tabular-source; document-evidence,parameters; outputs; difficulty; archetype; evidence_profile; source_geometry; source_table
gci-calculation,mechanical,mesh-independence,src/aec_bench/templates/builtin/mechanical/gci_calculation,docs/task-world-opportunities/task-cards/mechanical/gci-calculation.md,Grid convergence index for a three-grid CFD study,ASME V&V 20-2009,mechanical; cfd; mesh; gci; deterministic,with-tool,4,5,2,all_given,,chart-curve; drawing-geometry; tabular-source,parameters; outputs; difficulty; archetype; evidence_profile; source_geometry; source_table; source_curve
hazen-williams-friction,mechanical,pipe-hydraulics,src/aec_bench/templates/builtin/mechanical/hazen_williams_friction,docs/task-world-opportunities/task-cards/mechanical/hazen-williams-friction.md,Hazen-Williams pressure pipe friction loss,Hazen-Williams,mechanical; hydraulics; pipe; friction; deterministic,with-tool,5,4,2,all_given,,drawing-geometry; tabular-source; chart-curve,parameters; outputs; difficulty; archetype; evidence_profile; source_geometry; source_table; source_curve
hrt-calculation,mechanical,fundamental-calculations,src/aec_bench/templates/builtin/mechanical/hrt_calculation,docs/task-world-opportunities/task-cards/mechanical/hrt-calculation.md,Hydraulic retention time calculation for treatment units,WEF MOP 8,mechanical; water-treatment; wastewater; hrt; deterministic,with-tool,2,3,2,all_given,,drawing-geometry; tabular-source; chart-curve,parameters; outputs; difficulty; archetype; evidence_profile; source_geometry; source_table; source_curve
joukowsky-pressure,mechanical,transient-analysis,src/aec_bench/templates/builtin/mechanical/joukowsky_pressure,docs/task-world-opportunities/task-cards/mechanical/joukowsky-pressure.md,Joukowsky pressure rise calculation for water hammer screening,AWWA M11,mechanical; water-hammer; joukowsky; pressure-rise; deterministic,with-tool,3,3,2,all_given,,chart-curve; drawing-geometry; tabular-source,parameters; outputs; difficulty; archetype; evidence_profile; source_geometry; source_table; source_curve
lmtd-calculation,mechanical,heat-exchanger-design,src/aec_bench/templates/builtin/mechanical/lmtd_calculation,docs/task-world-opportunities/task-cards/mechanical/lmtd-calculation.md,Log mean temperature difference and heat duty calculation,TEMA Standards,mechanical; heat-exchanger; lmtd; heat-duty; deterministic,with-tool,8,6,2,all_given,,chart-curve; drawing-geometry; tabular-source,parameters; outputs; difficulty; archetype; evidence_profile; source_geometry; source_table; source_curve
mass-balance,mechanical,convergence-assessment,src/aec_bench/templates/builtin/mechanical/mass_balance,docs/task-world-opportunities/task-cards/mechanical/mass-balance.md,Global process mass balance closure check,ISO 15926,mechanical; process; mass-balance; closure; deterministic,with-tool,5,5,2,all_given,,chart-curve; drawing-geometry; tabular-source,parameters; outputs; difficulty; archetype; evidence_profile; source_geometry; source_table; source_curve
miner-fatigue,mechanical,fatigue-analysis,src/aec_bench/templates/builtin/mechanical/miner_fatigue,docs/task-world-opportunities/task-cards/mechanical/miner-fatigue.md,Cumulative fatigue damage calculation using Miner's rule,ASME VIII-2; EN 13445,mechanical; fatigue; miner; damage; deterministic,with-tool,6,6,2,all_given,,chart-curve; drawing-geometry; tabular-source,parameters; outputs; difficulty; archetype; evidence_profile; source_geometry; source_table; source_curve
minor-losses-calculation,mechanical,pipe-hydraulics,src/aec_bench/templates/builtin/mechanical/minor_losses_calculation,docs/task-world-opportunities/task-cards/mechanical/minor-losses-calculation.md,Pipe fitting minor losses calculation,Crane TP-410; AWWA M11,mechanical; pipe-hydraulics; minor-losses; fittings; deterministic,with-tool,9,4,2,all_given,,drawing-geometry; tabular-source; chart-curve,parameters; outputs; difficulty; archetype; evidence_profile; source_geometry; source_table; source_curve
mlss-inventory,mechanical,fundamental-calculations,src/aec_bench/templates/builtin/mechanical/mlss_inventory,docs/task-world-opportunities/task-cards/mechanical/mlss-inventory.md,Mixed liquor suspended solids inventory calculation,WEF MOP 8,mechanical; wastewater; activated-sludge; mlss; deterministic,with-tool,3,3,2,all_given,,chart-curve; drawing-geometry; tabular-source,parameters; outputs; difficulty; archetype; evidence_profile; source_geometry; source_table; source_curve
nac-load-calculation,mechanical,fire-services,src/aec_bench/templates/builtin/mechanical/nac_load_calculation,docs/task-world-opportunities/task-cards/mechanical/nac-load-calculation.md,Notification appliance circuit load and capacity check,NFPA 72,mechanical; fire-services; nac; notification-appliance-circuit; deterministic,with-tool,7,4,2,all_given,,drawing-geometry; tabular-source; document-evidence,parameters; outputs; difficulty; archetype; evidence_profile; source_geometry; source_table
nitrification-srt,mechanical,nutrient-removal,src/aec_bench/templates/builtin/mechanical/nitrification_srt,docs/task-world-opportunities/task-cards/mechanical/nitrification-srt.md,Required SRT for activated-sludge nitrification,Metcalf and Eddy Wastewater Engineering,mechanical; wastewater; nitrification; srt; deterministic,with-tool,9,5,2,all_given,,chart-curve; drawing-geometry; tabular-source,parameters; outputs; difficulty; archetype; evidence_profile; source_geometry; source_table; source_curve
npsh-available,mechanical,pump-hydraulics,src/aec_bench/templates/builtin/mechanical/npsh_available,docs/task-world-opportunities/task-cards/mechanical/npsh-available.md,Net Positive Suction Head Available calculation for pump inlet checks,Hydraulic Institute Standards,mechanical; pump-hydraulics; npsh; cavitation; deterministic,with-tool,6,6,3,all_given,,drawing-geometry; tabular-source; chart-curve,parameters; outputs; difficulty; archetype; evidence_profile; source_geometry; source_table; source_curve
occupant-load,mechanical,prescriptive-compliance,src/aec_bench/templates/builtin/mechanical/occupant_load,docs/task-world-opportunities/task-cards/mechanical/occupant-load.md,Area-based occupant load calculation,IBC; NCC,mechanical; life-safety; occupant-load; deterministic,with-tool,2,3,2,all_given,,drawing-geometry; tabular-source; document-evidence,parameters; outputs; difficulty; archetype; evidence_profile; source_geometry; source_table
oxygen-requirements,mechanical,activated-sludge,src/aec_bench/templates/builtin/mechanical/oxygen_requirements,docs/task-world-opportunities/task-cards/mechanical/oxygen-requirements.md,Activated sludge oxygen demand calculation,WEF MOP 8,mechanical; wastewater; activated-sludge; oxygen-demand; deterministic,with-tool,7,5,2,all_given,,chart-curve; drawing-geometry; tabular-source,parameters; outputs; difficulty; archetype; evidence_profile; source_geometry; source_table; source_curve
pfr-volume,mechanical,reactor-sizing,src/aec_bench/templates/builtin/mechanical/pfr_volume,docs/task-world-opportunities/task-cards/mechanical/pfr-volume.md,Plug flow reactor volume calculation for first-order reactions,Chemical Reaction Engineering Fundamentals,mechanical; reactor-sizing; pfr; first-order; deterministic,with-tool,4,4,2,all_given,,chart-curve; drawing-geometry; tabular-source,parameters; outputs; difficulty; archetype; evidence_profile; source_geometry; source_table; source_curve
por-aor-compliance,mechanical,system-curves,src/aec_bench/templates/builtin/mechanical/por_aor_compliance,docs/task-world-opportunities/task-cards/mechanical/por-aor-compliance.md,Pump preferred and allowable operating range compliance,HI 9.6.3,mechanical; pump; operating-range; por; aor; deterministic,with-tool,6,5,2,all_given,,drawing-geometry; spatial-map; tabular-source,parameters; outputs; difficulty; archetype; evidence_profile; source_geometry; source_table
pressure-loss-calculation,mechanical,pipe-sizing-water,src/aec_bench/templates/builtin/mechanical/pressure_loss_calculation,docs/task-world-opportunities/task-cards/mechanical/pressure-loss-calculation.md,Water pipe pressure loss from Hazen-Williams and fittings,AS/NZS 3500.1; Hazen-Williams,mechanical; hydraulics; pipe; pressure-loss; deterministic,with-tool,6,4,2,all_given,,drawing-geometry; tabular-source; chart-curve,parameters; outputs; difficulty; archetype; evidence_profile; source_geometry; source_table; source_curve
pump-affinity-laws,mechanical,pump-sizing,src/aec_bench/templates/builtin/mechanical/pump_affinity_laws,docs/task-world-opportunities/task-cards/mechanical/pump-affinity-laws.md,Pump affinity law calculation for estimating performance at a new speed,ANSI/HI Standards,mechanical; pump-sizing; affinity-laws; variable-speed; deterministic,with-tool,5,4,3,all_given,,chart-curve; drawing-geometry; tabular-source,parameters; outputs; difficulty; archetype; evidence_profile; source_geometry; source_table; source_curve
pump-head-calculation,mechanical,pump-hydraulics,src/aec_bench/templates/builtin/mechanical/pump_head_calculation,docs/task-world-opportunities/task-cards/mechanical/pump-head-calculation.md,Total dynamic head calculation for pump installations,Hydraulic Institute Standards,mechanical; pump-hydraulics; total-dynamic-head; hydraulic-power; deterministic,with-tool,6,5,3,all_given,,drawing-geometry; tabular-source; chart-curve,parameters; outputs; difficulty; archetype; evidence_profile; source_geometry; source_table; source_curve
pump-power-calculation,mechanical,pump-sizing,src/aec_bench/templates/builtin/mechanical/pump_power_calculation,docs/task-world-opportunities/task-cards/mechanical/pump-power-calculation.md,Pump hydraulic and shaft power calculation,HI 14.6; ISO 9906,mechanical; pump; power; hydraulics; deterministic,with-tool,4,4,2,all_given,,drawing-geometry; tabular-source; chart-curve,parameters; outputs; difficulty; archetype; evidence_profile; source_geometry; source_table; source_curve
pump-power-efficiency,mechanical,pump-hydraulics,src/aec_bench/templates/builtin/mechanical/pump_power_efficiency,docs/task-world-opportunities/task-cards/mechanical/pump-power-efficiency.md,"Pump hydraulic power, shaft power, and motor sizing",Hydraulic Institute Standards,mechanical; pump; power; efficiency; deterministic,with-tool,6,4,2,all_given,,drawing-geometry; tabular-source; chart-curve,parameters; outputs; difficulty; archetype; evidence_profile; source_geometry; source_table; source_curve
sabine-rt60,mechanical,fundamental-calculations,src/aec_bench/templates/builtin/mechanical/sabine_rt60,docs/task-world-opportunities/task-cards/mechanical/sabine-rt60.md,Single-band reverberation time calculation using Sabine formula,ISO 3382,mechanical; acoustics; rt60; sabine; deterministic,with-tool,7,3,2,all_given,,chart-curve; drawing-geometry; tabular-source,parameters; outputs; difficulty; archetype; evidence_profile; source_geometry; source_table; source_curve
slr-calculation,mechanical,clarifier-design,src/aec_bench/templates/builtin/mechanical/slr_calculation,docs/task-world-opportunities/task-cards/mechanical/slr-calculation.md,Secondary clarifier solids loading rate calculation,Ten States Standards; WEF MOP 8,mechanical; wastewater; clarifier; solids-loading-rate; deterministic,with-tool,4,5,2,all_given,,drawing-geometry; tabular-source; document-evidence,parameters; outputs; difficulty; archetype; evidence_profile; source_geometry; source_table
sludge-production,mechanical,activated-sludge,src/aec_bench/templates/builtin/mechanical/sludge_production,docs/task-world-opportunities/task-cards/mechanical/sludge-production.md,Activated sludge production estimation,WEF MOP 8,mechanical; wastewater; activated-sludge; sludge-production; deterministic,with-tool,9,5,2,all_given,,chart-curve; drawing-geometry; tabular-source,parameters; outputs; difficulty; archetype; evidence_profile; source_geometry; source_table; source_curve
sor-calculation,mechanical,clarifier-design,src/aec_bench/templates/builtin/mechanical/sor_calculation,docs/task-world-opportunities/task-cards/mechanical/sor-calculation.md,Clarifier surface overflow rate calculation,Ten States Standards; WEF MOP 8,mechanical; wastewater; clarifier; surface-overflow-rate; deterministic,with-tool,3,4,2,all_given,,chart-curve; drawing-geometry; tabular-source,parameters; outputs; difficulty; archetype; evidence_profile; source_geometry; source_table; source_curve
spl-log-sum,mechanical,fundamental-calculations,src/aec_bench/templates/builtin/mechanical/spl_log_sum,docs/task-world-opportunities/task-cards/mechanical/spl-log-sum.md,Three-source sound pressure level logarithmic summation,Acoustic Fundamentals,mechanical; acoustics; spl; logarithmic-sum; deterministic,with-tool,3,3,2,all_given,,chart-curve; drawing-geometry; tabular-source,parameters; outputs; difficulty; archetype; evidence_profile; source_geometry; source_table; source_curve
sprinkler-discharge,mechanical,sprinkler-hydraulics,src/aec_bench/templates/builtin/mechanical/sprinkler_discharge,docs/task-world-opportunities/task-cards/mechanical/sprinkler-discharge.md,Sprinkler discharge calculation from K factor and pressure,NFPA 13; AS 2118.1,mechanical; fire-services; sprinkler; discharge; deterministic,with-tool,2,3,2,all_given,,drawing-geometry; tabular-source; chart-curve,parameters; outputs; difficulty; archetype; evidence_profile; source_geometry; source_table; source_curve
srt-calculation,mechanical,fundamental-calculations,src/aec_bench/templates/builtin/mechanical/srt_calculation,docs/task-world-opportunities/task-cards/mechanical/srt-calculation.md,Activated sludge solids retention time calculation,WEF MOP 8; Ten States Standards,mechanical; wastewater; activated-sludge; srt; deterministic,with-tool,6,5,2,all_given,,chart-curve; drawing-geometry; tabular-source,parameters; outputs; difficulty; archetype; evidence_profile; source_geometry; source_table; source_curve
steel-critical-temp,mechanical,structural-fire,src/aec_bench/templates/builtin/mechanical/steel_critical_temp,docs/task-world-opportunities/task-cards/mechanical/steel-critical-temp.md,Critical steel temperature calculation from structural-fire load ratio,Eurocode 3; AS 4100,mechanical; structural-fire; steel-temperature; fire-resistance; deterministic,with-tool,2,3,3,all_given,,drawing-geometry; tabular-source; document-evidence,parameters; outputs; difficulty; archetype; evidence_profile; source_geometry; source_table
t-squared-hrr,mechanical,design-fire,src/aec_bench/templates/builtin/mechanical/t_squared_hrr,docs/task-world-opportunities/task-cards/mechanical/t-squared-hrr.md,T-squared fire growth heat release rate calculation,ISO/TS 16733; SFPE Handbook,mechanical; fire-safety; design-fire; heat-release-rate; deterministic,with-tool,3,4,3,all_given,,drawing-geometry; time-series; document-evidence,parameters; outputs; difficulty; archetype; evidence_profile; source_geometry; source_timeseries
thrust-force-calculation,mechanical,thrust-restraint,src/aec_bench/templates/builtin/mechanical/thrust_force_calculation,docs/task-world-opportunities/task-cards/mechanical/thrust-force-calculation.md,Pipe bend thrust force calculation,AWWA M11; AS 2566.1,mechanical; pipe; thrust; restraint; deterministic,with-tool,3,3,2,all_given,,drawing-geometry; tabular-source; chart-curve,parameters; outputs; difficulty; archetype; evidence_profile; source_geometry; source_table; source_curve
velocity-check,mechanical,pipe-hydraulics,src/aec_bench/templates/builtin/mechanical/velocity_check,docs/task-world-opportunities/task-cards/mechanical/velocity-check.md,Pipe velocity calculation and explicit range check,AWWA M11; Crane TP-410,mechanical; pipe; hydraulics; velocity; deterministic,with-tool,4,5,2,all_given,,drawing-geometry; tabular-source; chart-curve,parameters; outputs; difficulty; archetype; evidence_profile; source_geometry; source_table; source_curve
vibration-transmissibility,mechanical,vibration,src/aec_bench/templates/builtin/mechanical/vibration_transmissibility,docs/task-world-opportunities/task-cards/mechanical/vibration-transmissibility.md,Damped vibration transmissibility calculation,ISO 20816,mechanical; vibration; isolation; transmissibility; deterministic,with-tool,3,3,2,all_given,,chart-curve; drawing-geometry; tabular-source,parameters; outputs; difficulty; archetype; evidence_profile; source_geometry; source_table; source_curve
visibility-criterion,mechanical,tenability-assessment,src/aec_bench/templates/builtin/mechanical/visibility_criterion,docs/task-world-opportunities/task-cards/mechanical/visibility-criterion.md,Smoke visibility tenability criterion calculation,SFPE Handbook; ISO 13571,mechanical; fire-safety; tenability; visibility; deterministic,with-tool,3,4,2,all_given,,drawing-geometry; time-series; document-evidence,parameters; outputs; difficulty; archetype; evidence_profile; source_geometry; source_timeseries
water-supply-curve,mechanical,hydrant-flow-test,src/aec_bench/templates/builtin/mechanical/water_supply_curve,docs/task-world-opportunities/task-cards/mechanical/water-supply-curve.md,Hydrant water supply curve from flow test data,NFPA 291; NFPA 13,mechanical; fire-services; hydrant; water-supply; deterministic,with-tool,4,4,2,all_given,,drawing-geometry; spatial-map; tabular-source,parameters; outputs; difficulty; archetype; evidence_profile; source_geometry; source_table
wave-speed-calculation,mechanical,transient-analysis,src/aec_bench/templates/builtin/mechanical/wave_speed_calculation,docs/task-world-opportunities/task-cards/mechanical/wave-speed-calculation.md,Pressure wave speed calculation for transient hydraulic screening,AWWA M11,mechanical; water-hammer; wave-speed; transient-analysis; deterministic,with-tool,6,4,3,all_given,,drawing-geometry; tabular-source; chart-curve,parameters; outputs; difficulty; archetype; evidence_profile; source_geometry; source_table; source_curve
berthing-energy-calc,structural,berthing-energy,src/aec_bench/templates/builtin/structural/berthing_energy_calc,docs/task-world-opportunities/task-cards/structural/berthing-energy-calc.md,Characteristic and design vessel berthing energy calculation,BS 6349-4; PIANC WG211; AS 4997,structural; marine; berthing-energy; ports; deterministic,with-tool,7,4,2,all_given,,drawing-geometry; tabular-source; document-evidence,parameters; outputs; difficulty; archetype; evidence_profile; source_geometry; source_table
bracket-load-calc,structural,bracket-connection,src/aec_bench/templates/builtin/structural/bracket_load_calc,docs/task-world-opportunities/task-cards/structural/bracket-load-calc.md,Reduced bracket service and factored resultant load calculation,AS 4100; AISC 360,structural; bracket; load; resultant; deterministic,with-tool,6,4,2,all_given,,drawing-geometry; tabular-source; document-evidence,parameters; outputs; difficulty; archetype; evidence_profile; source_geometry; source_table
carbon-equivalent-calc,structural,steel-specification,src/aec_bench/templates/builtin/structural/carbon_equivalent_calc,docs/task-world-opportunities/task-cards/structural/carbon-equivalent-calc.md,IIW carbon equivalent calculation for structural steel weldability,IIW formula; AS/NZS 1554; AWS D1.1,structural; steel; weldability; carbon-equivalent; deterministic,with-tool,9,5,3,all_given,,drawing-geometry; tabular-source; document-evidence,parameters; outputs; difficulty; archetype; evidence_profile; source_geometry; source_table
composite-section,structural,superstructure-design,src/aec_bench/templates/builtin/structural/composite_section,docs/task-world-opportunities/task-cards/structural/composite-section.md,Steel-concrete composite transformed section properties,AASHTO LRFD 6.10; AS/NZS 5100.6,structural; bridge; composite-section; section-properties; deterministic,with-tool,11,5,2,all_given,,drawing-geometry; tabular-source; document-evidence,parameters; outputs; difficulty; archetype; evidence_profile; source_geometry; source_table
construction-tolerance,structural,construction-tolerance,src/aec_bench/templates/builtin/structural/construction_tolerance,docs/task-world-opportunities/task-cards/structural/construction-tolerance.md,Construction tolerance allowance and required slot length calculation,AISC 303; EN 1090-2; AS 4100,structural; construction; tolerance; fit-up; deterministic,with-tool,6,4,2,all_given,,drawing-geometry; tabular-source; document-evidence,parameters; outputs; difficulty; archetype; evidence_profile; source_geometry; source_table
effective-wind-area,structural,wind-load-analysis,src/aec_bench/templates/builtin/structural/effective_wind_area,docs/task-world-opportunities/task-cards/structural/effective-wind-area.md,Effective wind area calculation for facade pressure coefficient selection,ASCE 7; AS/NZS 1170.2,structural; facades; wind-load; effective-area; deterministic,with-tool,5,4,2,all_given,,drawing-geometry; tabular-source; document-evidence,parameters; outputs; difficulty; archetype; evidence_profile; source_geometry; source_table
fender-energy-check,structural,fender-design,src/aec_bench/templates/builtin/structural/fender_energy_check,docs/task-world-opportunities/task-cards/structural/fender-energy-check.md,Corrected fender energy capacity check for marine berths,PIANC WG211; BS 6349-4,structural; marine; fender; energy-capacity; deterministic,with-tool,6,4,2,all_given,,drawing-geometry; tabular-source; document-evidence,parameters; outputs; difficulty; archetype; evidence_profile; source_geometry; source_table
gravity-base-stability,structural,wind-turbine-foundations,src/aec_bench/templates/builtin/structural/gravity_base_stability,docs/task-world-opportunities/task-cards/structural/gravity-base-stability.md,Reduced gravity base eccentricity and bearing check,AS 5100.3; EN 1997-1,structural; foundation; gravity-base; stability; deterministic,with-tool,5,5,2,all_given,,drawing-geometry; tabular-source; document-evidence,parameters; outputs; difficulty; archetype; evidence_profile; source_geometry; source_table
lap-splice-length,structural,rebar-detailing,src/aec_bench/templates/builtin/structural/lap_splice_length,docs/task-world-opportunities/task-cards/structural/lap-splice-length.md,Reduced reinforcement lap splice length calculation,ACI 318; AS 3600,structural; rebar; lap-splice; detailing; deterministic,with-tool,5,4,2,all_given,,drawing-geometry; tabular-source; document-evidence,parameters; outputs; difficulty; archetype; evidence_profile; source_geometry; source_table
load-combinations,structural,load-analysis,src/aec_bench/templates/builtin/structural/load_combinations,docs/task-world-opportunities/task-cards/structural/load-combinations.md,Reduced structural load combination calculation,AASHTO LRFD 3.4; EN 1990,structural; load-combinations; factored-actions; deterministic,with-tool,14,6,2,all_given,,drawing-geometry; tabular-source; document-evidence,parameters; outputs; difficulty; archetype; evidence_profile; source_geometry; source_table
mooring-line-capacity,structural,marine-mooring,src/aec_bench/templates/builtin/structural/mooring_line_capacity,docs/task-world-opportunities/task-cards/structural/mooring-line-capacity.md,Mooring line design tension and capacity margin calculation,AS 4997; BS 6349-4; PIANC WG153,structural; marine; mooring; capacity; deterministic,with-tool,4,5,2,all_given,,drawing-geometry; tabular-source; document-evidence,parameters; outputs; difficulty; archetype; evidence_profile; source_geometry; source_table
pipe-support-dead-load,structural,pipe-support,src/aec_bench/templates/builtin/structural/pipe_support_dead_load,docs/task-world-opportunities/task-cards/structural/pipe-support-dead-load.md,Pipe support operating and hydrotest dead line load calculation,ASME B31.3; AS 4041; EN 13480,structural; pipe-support; dead-load; hydrotest; deterministic,with-tool,7,5,2,all_given,,drawing-geometry; tabular-source; chart-curve,parameters; outputs; difficulty; archetype; evidence_profile; source_geometry; source_table; source_curve
scm-substitution,structural,concrete-mix-design,src/aec_bench/templates/builtin/structural/scm_substitution,docs/task-world-opportunities/task-cards/structural/scm-substitution.md,Supplementary cementitious material replacement calculation,ACI 211.1; AS 1379,structural; concrete; scm; binder; deterministic,with-tool,3,4,2,all_given,,drawing-geometry; tabular-source; document-evidence,parameters; outputs; difficulty; archetype; evidence_profile; source_geometry; source_table
target-strength-calc,structural,concrete-mix-design,src/aec_bench/templates/builtin/structural/target_strength_calc,docs/task-world-opportunities/task-cards/structural/target-strength-calc.md,Concrete target mean compressive strength calculation,ACI 318; ACI 301; AS 1379,structural; concrete; mix-design; target-strength; deterministic,with-tool,4,4,3,all_given,,drawing-geometry; tabular-source; document-evidence,parameters; outputs; difficulty; archetype; evidence_profile; source_geometry; source_table
thermal-movement-calc,structural,movement-tolerance,src/aec_bench/templates/builtin/structural/thermal_movement_calc,docs/task-world-opportunities/task-cards/structural/thermal-movement-calc.md,Thermal expansion and contraction calculation for structural components,First principles; Material data,structural; facades; thermal-movement; movement-joints; deterministic,with-tool,4,4,3,all_given; partial,coefficient_thermal_expansion_microstrain_c,drawing-geometry; tabular-source; document-evidence,parameters; outputs; difficulty; archetype; evidence_profile; hidden_parameter_policy; source_geometry; source_table
